"id","median_house_value"
8194,4456710
12091,8261370
18188,2610270
2890,5806350
2234,7178760
10823,3092580
14898,3682530
17352,6456330
20494,3568680
8513,4715460
13311,4140000
10273,2757240
5292,2895930
15413,12751200
7443,4003380
12765,7269840
3595,5942970
1244,7932240
2949,1811250
15215,3169170
19619,2811060
3043,5483430
18113,7416810
12183,4653360
6143,7534800
19107,16162560
11167,4121370
1624,18934290
2593,8346240
9655,3699090
11329,5199840
17853,3044970
18597,7412670
3682,5988510
17447,4001310
7951,3266460
18511,2285280
15835,4309740
17268,3320280
17460,5673870
11004,5982300
20457,3432060
20413,15044760
12521,2258370
17745,4692690
9919,5098410
14500,2481930
4607,3067740
15802,10534230
5357,5088060
314,3833640
4147,6973830
13878,10619100
3201,6516360
5379,3564540
15000,3887460
18647,6301080
7114,2846250
8409,2173500
17078,1517310
5914,3378240
8516,3603870
4507,2624760
19230,5638680
13877,3583170
10232,1927170
1094,5673870
3174,3494160
5187,3233340
172,2771730
13161,4868640
18253,3850200
802,9364680
19765,4249710
12916,2053440
7278,3076020
20285,6667470
1364,3363750
6139,4609890
11267,4473270
2629,1200600
15340,3798450
7563,5717340
14628,7646580
9643,3117420
1131,3309930
11549,7681770
11437,9236340
1668,4450500
11798,2504700
7414,4092390
11325,2748960
14648,1312380
13899,13326660
11659,4247640
11102,5040450
3429,2119680
9251,4347000
10900,3626640
20519,4284900
4801,4808610
362,3744630
12612,6394230
14784,1788480
15718,5090130
4999,4549860
7695,2693070
14383,4525020
10121,4700970
1850,4311810
717,4829310
9080,7100100
7701,1465560
587,5379930
12355,18193230
2716,2252160
1176,418140
4586,1061910
6834,3688740
16924,5762880
1013,1024650
3604,17284500
5161,4104810
5617,4529160
6335,2790360
6707,7046280
12991,6713010
16602,5307480
7268,4725810
4202,2376360
18158,5195700
3614,2123820
4985,2682720
11289,2523330
3840,4247640
13515,2086560
7074,4315950
3317,2577150
4749,4079970
7516,1964430
14997,2846250
9752,7373340
2169,5951250
17860,4936950
6907,4564350
8090,1873350
5251,13817250
16620,4487760
3335,144900
17251,3779820
11804,3622500
14666,3574890
4782,2086560
12868,16400610
18777,5450310
9804,4533300
10092,3519000
9070,4858290
11225,3583170
19646,1509030
10775,5104620
7025,4398750
20351,9372960
6584,3469320
15614,5489640
20345,7267770
14445,4297320
15660,11970810
11852,2554380
376,2742750
12040,20157660
11218,8079210
3585,9480600
14165,3581100
16673,339480
13184,17183070
12792,7754220
11627,7238790
15754,4752720
10809,2672370
8677,3763260
14576,1511100
6486,2523330
780,335340
9368,1817460
1108,7938450
15841,6127200
5801,4270410
7504,2438460
20110,670680
6026,3338910
5699,5143950
1649,6477030
4281,1165410
4993,3082230
8483,3723930
10187,3837780
8457,5094270
11096,6833070
16916,3434130
13955,9101790
3428,2074140
338,1591830
16398,923220
18908,1993410
12440,5978160
15137,9677250
6759,4396680
8428,1523520
6358,7441650
7211,3386520
20326,3841920
5351,9259110
14153,6338340
4045,5856030
9099,8532540
2294,7758360
4593,2724120
2785,5092200
5990,5127390
6418,5158440
19021,3512790
20308,5193630
17631,4024080
141,604440
16692,7102170
4518,2895930
8279,7625880
10162,3181590
19288,5404770
18378,18994320
10570,8789220
10426,4075830
11833,1796760
11233,5911920
17616,5013540
6384,8089560
8208,6336270
18559,2009970
16226,6553620
7166,2599920
20214,5106690
9838,7062840
17481,3365820
5838,3154680
5338,5425470
7098,7659000
12393,8878230
5830,6131340
3394,2993220
9146,53730990
18361,3109140
1340,7532730
19838,2902140
8954,4342860
360,3131910
3109,8778870
19279,4181400
10748,2103120
12001,2566800
17024,8366940
16535,120060
6897,7814250
11617,2854530
13529,5785650
2941,2121750
11283,8518050
4358,6437700
17465,4899690
19358,1978920
7454,5065290
10178,2835900
4766,3365820
12753,2229390
7973,2757240
20258,4518810
9911,10198890
2045,1745010
11336,4195890
9487,6346620
10023,2150730
2260,3703230
19249,2951820
18868,5276430
12046,6301080
1435,2595780
10271,5512410
17503,3156750
16846,21221640
8807,17123040
17697,3413430
10916,4686480
2749,2924910
15624,6785460
18707,4580910
14783,919080
8224,5673870
12661,4208310
6600,2469510
14603,873540
17424,5580720
15430,3821220
6355,4597470
19040,302220
15558,5121180
14582,4547790
19007,39330
13647,3512790
572,11974950
18787,2057580
20201,480240
8816,6201720
8818,12620790
19518,4100670
10940,1506960
5593,4148280
2327,4723740
443,1980990
1758,3367890
1349,4748580
16110,3665970
17323,5249520
18643,4373910
18055,5744250
14924,9302580
9440,3450690
14667,4407030
13839,3401010
12651,4794120
10960,3918510
16364,4340790
17866,82800
6933,2583360
737,3078090
9727,2699280
18165,5582790
4315,4148280
3444,579600
5524,2303910
17001,15075810
1515,12148830
1445,4746510
20521,2724120
12586,6590880
7352,457470
17435,2914560
2240,4843800
10280,4487760
16142,6392160
16618,3444480
13134,11726550
20389,13475700
11762,6878610
13138,11728620
5675,2274930
19758,5175000
13146,1883700
20412,4510530
13436,3340980
14701,5278500
6005,6048540
9185,12929220
7651,13047210
9342,4549860
13825,9232200
16699,3276810
12537,6276240
6970,3506580
9376,5462730
12909,5936760
12624,57690900
381,3175380
15608,1745010
17992,3111210
6506,2477790
9188,12397230
4549,45540
361,6760620
16477,5396490
15082,8830620
19592,2980800
741,3618360
9612,4996980
12134,20704140
16461,3709440
10030,4614030
18023,2107260
1302,6764760
7105,3639060
14306,2026530
1980,4115160
12678,17609490
13987,6930360
5518,5620050
17686,11765880
4299,3233340
18716,2734470
2499,2469510
12112,5553810
9118,4905900
11460,4189680
11938,4293180
8866,6158250
2318,4912110
2308,7638300
13954,9606870
4665,2869020
9846,2962170
11342,5067360
10124,9139050
15619,10318950
1540,6727500
2805,7286400
1802,1906470
11724,5090130
15766,3854340
13275,5301270
20159,664470
7100,21985470
13202,1515240
14662,3324420
17868,3454830
13593,5021820
14620,7381620
12975,5553810
10319,8990010
12427,2384640
9528,865260
528,2148660
5960,7172550
6719,8286210
9870,5953320
15143,5206050
7870,6392160
16270,4142070
6212,1726380
16493,2241810
9314,9938070
9836,1815390
10888,3843990
4231,2997360
18891,5620050
16759,7483050
17242,3694950
1193,1490400
8371,4363560
18078,7114590
11404,10654290
12873,29836980
9663,5885010
17707,3928860
543,5947110
14606,6342480
18404,16541370
14770,5562090
10948,6193440
16056,2860740
17782,7520310
10519,9679320
18363,7894980
5190,2014110
1893,1095030
3937,6752340
2224,4694760
18867,1927170
19976,8493210
8515,3146400
4822,3858480
5642,4601610
7857,3754980
11090,105570
7640,20584080
6995,3612150
12460,6017490
18759,5767020
19969,2763450
17422,1629090
5180,3665970
8273,6696450
2952,2802780
6479,4142070
19128,2759310
12766,6748200
961,4510530
13815,2481930
15204,30934080
8069,3177450
7840,1771920
2502,2051370
12826,3535560
1372,2717910
4236,3881250
5621,612720
1380,2024460
15038,7365060
8131,4982490
6535,2591640
9337,2955960
10128,12627000
18822,2641320
15466,8845110
392,10521810
18385,11318760
19496,7615530
19298,3382380
11577,2318400
1548,11842470
10816,1844370
6303,1649790
3808,7588620
249,3676320
15549,1173690
15859,324990
17922,3160890
15108,8306910
4287,1627020
7570,5253660
12827,4835520
15070,2303910
4036,35970390
5493,19520100
12959,12059820
6381,3901950
9201,4775490
8496,5704920
16486,8644320
17480,3262320
18014,10387260
11508,3458970
16948,7578270
14497,5992650
69,1184040
14020,3895740
1749,3576960
15748,6025770
17958,6671610
13831,6624000
10029,3382380
12402,6373530
19392,871470
5888,1020510
15504,7557570
8036,3949560
10486,9228060
3586,9557190
3902,4816890
14805,3347190
17784,3024270
16180,4019940
13598,778320
10830,5282640
10278,6731640
3555,18352620
13136,3699090
5200,1753290
3193,2664090
13967,10463850
3340,1581480
10063,5415120
20498,5860170
20244,6102360
15277,5439960
51,1854720
3285,1970640
19704,13264560
16496,5307480
19385,2430180
6871,5439960
2024,3233340
1728,3254040
17607,3245760
18543,1912680
17925,7389900
20608,2984940
20146,9780750
9902,5860170
833,4460850
1628,1121940
19208,2991150
9500,3531420
18324,6218280
8082,3798450
1547,2332890
10066,7124940
114,4918320
12234,4622310
18957,2512980
9343,18244980
14234,4816890
2258,6715080
19311,3647340
6692,2562660
12047,1494540
9568,3933000
7469,2920770
13721,2703420
9949,4175190
2017,2123820
4055,3841920
6412,3044970
20540,17857890
6279,2337030
10817,5725620
11136,5940900
6636,3562470
3846,5344740
3460,3301650
14453,3425850
7339,3939210
5692,2196270
4645,2765520
7794,2216970
13158,3535560
6064,36280890
11961,29561670
1121,3177450
15581,830070
1857,7886700
2966,8526330
17144,10881990
4649,5851890
423,5926410
13592,4168980
1088,3912300
7846,2583360
9583,2639250
17858,4291110
15083,6296940
11467,2753100
2906,4392540
14139,2156940
15900,6344550
10102,5423400
4972,999810
14747,4200030
11298,9143190
1232,3113280
14416,5255730
6878,7578270
16422,1010160
8326,4982490
8943,2854530
13364,2080350
711,2415690
14950,15338700
13911,4355280
12561,2072070
782,4887270
17104,8646390
18733,2332890
655,11960460
13651,1972710
5075,4108950
18676,13154850
19536,10505250
8188,8248950
17467,4487760
11375,4148280
1992,2662020
5624,1834020
17567,2208690
17016,6123060
17231,5050800
15448,5286780
187,3690810
19275,8576010
10574,11772090
9183,8128890
19990,2651670
4839,1952010
10136,4655430
20080,4266270
760,3202290
5428,6199650
14734,8700210
8727,2498490
10382,6350760
5165,5812560
14853,1747080
11138,2432250
9810,7354710
17877,7234650
5061,6385950
12075,13351500
4225,5742180
20334,21979260
8657,9170100
1498,4582980
2834,469890
1542,12500730
542,8273790
16037,3498300
1733,4121370
8401,1730520
9945,5878800
5632,635490
3747,6334200
7101,4473270
9350,3794310
264,5030100
12748,1022580
11609,7066980
7727,13115520
13226,13194180
11429,5044590
18719,4543650
11898,8226180
15672,6518430
13835,25928820
6867,2353590
17590,6425280
3387,2691000
19323,3239550
8086,1954080
16407,5071500
193,362250
15487,5419260
18853,8402130
16103,4607820
6635,3262320
14375,3808800
10917,4990770
19756,1540080
5902,6023700
11554,7127010
8624,3082230
11120,9683460
15924,2668230
4588,724500
15201,4229010
1950,3173310
19982,3237480
19830,8207550
6914,8393850
5811,6640560
2266,3274740
9743,3260250
18403,7398180
10993,6325920
10414,10807470
124,7305030
402,4508460
14826,2394990
7565,1834020
3421,1701540
17530,3941280
4977,3133980
19609,8505630
4962,3949560
3173,3957840
16601,7218090
9831,1691190
2436,3587310
8721,2281140
10990,11324970
2975,13744800
18593,2332890
389,4684410
3751,10006380
2887,2423970
17030,1391040
3638,3581100
1699,4415310
20459,2931120
17991,1608390
3111,5543460
1456,7075260
5159,2496420
4265,10316880
18336,4551930
2480,3980610
4044,1821600
6240,7410600
20328,15392520
19798,3256110
7489,2473650
16308,4508460
10060,6458400
13719,9228060
16741,3587310
8546,2846250
1762,3508650
19694,2688930
14197,6470820
19516,11875590
15025,7069050
13163,2599920
19578,4723740
7874,5373720
8913,4295250
14975,6031980
19531,3959910
19075,5887080
10785,3935070
18900,5891220
14067,2910420
7691,4030290
1830,2316330
3548,12738780
3963,1817460
16149,4226940
18239,527850
18521,3202290
10609,3622500
3725,7783200
12240,7458210
19201,2699280
11575,4102740
20272,23604210
12948,7160130
16306,5551740
4245,4823100
4878,372600
4820,2080350
11816,3053250
19337,7574130
10082,4233150
6242,5208120
17283,4189680
10477,4450500
17088,1517310
2277,5096340
17230,4117230
5923,2647530
19726,3779820
14549,3734280
8941,1556640
2470,3098790
11345,4812750
1596,1821600
13004,4380120
14182,3678390
17766,3179520
1271,4959720
3029,5682150
567,5025960
440,987390
10080,5669730
1686,7868070
8799,4332510
100,7520310
17606,5462730
17734,3740490
19433,3432060
6942,1997550
4405,1047420
19419,3421710
6150,2895930
4049,14324400
18550,1604250
16624,8948610
16858,7423020
1345,7822530
14788,5197770
2585,3653550
6045,1763640
3010,583740
11614,4545720
14352,4289040
7930,8727120
2935,2575080
17445,4475340
6534,5947110
11564,3214710
13603,3663900
4575,2436390
6664,3303720
1930,3790170
12357,5415120
11532,3363750
15219,5938830
14658,3264390
12248,14986800
8231,4976280
1868,890100
6875,2440530
15146,6307290
3779,13138290
12129,24123780
13552,2500560
15222,9840780
7039,3955770
8108,2871090
2545,4729950
19576,693450
5895,2223180
12798,3175380
6194,3233340
10075,5667660
10699,10234080
10790,3233340
4513,2179710
13901,17599140
13291,4289040
7773,3295440
10379,5013540
19151,4787910
18918,5804280
20628,741060
10508,5878800
4572,1627020
5945,7685910
11498,10610820
10049,4825170
7818,5191560
7969,5655240
12497,4152420
10629,3407220
6780,5419260
5369,2127960
3298,3841920
14702,4197960
8055,5274360
18123,6433560
14506,33718230
4720,5295060
11732,1668420
10762,2620620
6042,5709060
5972,3444480
13050,20232180
53,6667470
18814,5665590
10939,1281330
4009,11718270
3102,5553810
10096,3663900
16978,4547790
13520,19186830
1025,6303150
17520,939780
13398,11602350
14371,5851890
19002,16036290
10569,5444100
15180,2043090
18823,4732020
1518,14906070
9049,21436920
15941,4355280
4757,4344930
5689,7890840
15926,4928670
11063,3483810
144,5864310
5818,4079970
8933,8588430
13142,2982870
1327,5603490
17156,4026150
6885,12090870
10428,15905880
11896,3363750
1928,10801260
9058,5518620
14706,8153730
9581,3485880
5327,1658070
15436,4003380
11791,5218470
19944,5061150
18200,4860360
10076,4665780
12929,3446550
2521,4193820
5864,3562470
6425,2695140
4474,2833830
9024,24152760
3233,4162770
9409,10289970
15616,8261370
10144,4504320
10011,2962170
19440,2550240
16614,11142810
6951,3363750
12498,6561900
5783,5659380
9795,4804470
3654,4761000
1926,167670
11131,5152230
16242,2630970
3498,5483430
14322,832140
17537,3576960
7201,3177450
12214,558900
3805,3585240
7872,2399130
8847,8236530
3659,4585050
12407,26891370
276,2920770
3877,5783580
16290,6847560
13317,12438630
12476,1192320
844,5332320
9772,4736160
2997,4473270
5702,4268340
16897,6882750
9561,5218470
18547,5541390
16131,5868450
7398,2198340
3266,786600
11050,3821220
5048,6499800
1506,9753840
11165,6100290
256,2554380
8810,643770
1792,6520500
1755,5694570
13237,4545720
8707,3645270
18545,834210
11232,2312190
2835,4605750
18005,6065100
4760,3034620
2245,3229200
13624,1974780
976,1604250
12296,9416430
17905,1829880
13069,5491710
18082,9232200
12780,4707180
16178,2252160
6614,6404580
10997,12655980
9414,8969310
164,6690240
15130,7656930
2938,3100860
15079,308430
15970,4738230
8185,9244620
8879,6210000
20023,5574510
9558,4311810
11847,2672370
7741,3299580
290,1351710
19459,15661620
11838,7779060
17722,6164460
6762,5675940
6172,4363560
12076,6104430
17554,817650
14914,16667640
17146,4630590
19776,2682720
12398,4941090
11880,4707180
16172,16560
13127,2028600
8238,3233340
12086,5543460
14618,4009590
6329,33976980
9073,2494350
8191,2577150
257,2105190
17498,5889150
5318,9522000
5250,3105000
14168,7317450
14974,7901190
17538,5959530
7237,4084110
14744,5959530
12391,1751220
13601,3537630
5443,3951630
460,1260630
471,3446550
588,9457830
101,9637920
4932,2637180
12908,8818200
11056,4525020
15443,6977970
16574,1647720
9348,2442600
11775,9054180
6639,842490
11827,8402130
7829,4100670
12487,5046660
17398,3258180
12803,3293370
17872,9519930
12659,14928840
5868,3469320
6585,6822720
6730,5315760
10221,1980990
14994,4537440
12311,2386710
2505,1393110
8638,1914750
13043,1097100
15925,3674250
6981,3003570
12937,7596900
12089,2423970
15352,4821030
10745,2121750
2009,1262700
8874,6166530
3552,1856790
4620,4889340
6482,1246140
46,3427920
4626,5671800
1863,6781320
2379,4063410
477,4649220
15764,5203980
18497,8230320
13155,2784150
2517,4402890
11118,3198150
1434,3632850
16645,8180640
672,2270790
18142,5206050
4619,5499990
3766,4088250
4577,6721290
16440,1730520
2031,8222040
1983,17379720
18775,5636610
10451,6197580
12494,906660
17546,2250090
16963,2529540
16452,3916440
7593,1328940
3815,7100100
16633,3262320
6048,4071690
11739,2649600
18861,29238750
21,1554570
259,5566230
1150,1693260
1015,3107070
10138,2616480
14599,14123610
6809,4009590
5195,2227320
4565,3730140
7220,3589380
5962,7242930
4317,6276240
8506,1759500
7748,4268340
8637,5158440
3374,5845680
8737,7849440
20031,5114970
7389,3883320
4633,5112900
18584,3136050
6887,5903640
13561,2765520
4562,360180
5565,5123250
5676,12815370
11485,6586740
9180,4245570
19025,3042900
18133,5150160
10757,3040830
3473,9348120
19088,3241620
12712,4611960
12222,17135460
3144,2684790
13826,548550
4337,2641320
4270,1585620
14377,3471390
7572,3239550
7765,2382570
18261,1618740
15162,8147520
14410,4181400
1329,7543080
12023,16400610
6080,9430920
9401,4082040
14366,1970640
15399,5568300
20409,4752720
16269,1809180
19475,3102930
6695,6400440
7331,1564920
11032,5334390
4353,842490
1341,3098790
3860,5557950
7843,3005640
4156,3935070
3299,3535560
14215,5516550
17993,7729380
13072,5688360
20047,3115350
7221,2599920
3075,3595590
16352,4614030
2717,3088440
9464,1635300
11623,8497350
2361,2769660
17272,7828740
4020,6361110
11814,5266080
16770,1525590
16539,693450
252,2939400
15929,3872970
3644,3105000
856,6317640
7760,2268720
9659,339480
5158,4231080
4272,3959910
7618,19859580
4182,906660
12788,2902140
9064,8907210
951,5808420
16450,1923030
2877,2817270
15213,2328750
7113,3289230
17573,1730520
2600,4077900
4591,1937520
7787,2167290
5463,2372220
5363,6319710
8503,6508080
2644,4171050
19031,1672560
301,2457090
16992,8691930
6309,1411740
1791,2202480
5779,6170670
3504,3521070
11197,4471200
4397,1991340
5555,2355660
1314,2361870
12420,1709820
2279,5545530
10911,5359230
10203,637560
11925,3309930
12029,5769090
16321,9288090
17966,9234270
6112,6367320
10702,4907970
17977,15789960
414,4284900
13510,3092580
84,799020
207,2432250
3848,3746700
5382,2082420
11128,3249900
2599,1941660
6755,3701160
6397,2993220
15518,6197580
6113,3394800
19819,1506960
17415,6352830
541,3038760
20225,2991150
13749,6327990
614,5421330
14964,4117230
1061,30286170
17717,4055130
1294,4907970
4568,1480050
739,6917940
10718,1320660
13124,2719980
19235,6963480
7031,2450880
2958,7191180
13197,9675180
1593,1711890
472,3434130
8448,687240
116,2647530
10749,7483050
12178,6615720
5839,3887460
8264,4436010
1834,5560020
8281,9182520
14602,2510910
8576,3262320
2491,1952010
15367,6857910
10815,5152230
18411,6201720
18314,9103860
10576,11165580
15860,3885390
18382,2235600
4667,2933190
8946,3688740
286,6884820
14450,3287160
19114,5489640
17920,3543840
11361,1480050
10405,2531610
17289,3061530
20402,4543650
8386,3227130
12584,7569990
7430,4417380
1189,2968380
11618,5048730
11049,4678200
17597,6385950
6073,2401200
6463,3262320
10106,5847750
3938,12889890
6549,2051370
18767,5255730
12563,2912490
4039,23088780
16904,5460660
20486,8402130
16606,5568300
8075,5419260
8306,6282450
4172,8286210
1467,10449360
13244,8025390
9664,2829690
3942,4945230
12082,12101220
12932,9296370
17760,5199840
3272,4558140
591,3815010
12851,2262510
2885,3740490
6794,8619480
11817,4692690
8061,3837780
20547,3512790
7082,3976470
13818,3338910
4634,8323470
9092,8282070
19391,7354710
612,5998860
15316,2953890
17201,7375410
12299,1144710
19189,5427540
20565,1469700
11026,5466870
3925,5338530
7873,3610080
9703,529920
7356,4655430
19860,3792240
2432,1703610
3855,7928100
16951,4489830
12630,3222990
1579,7288470
17711,2328750
12763,3187800
13540,1989270
18463,21188520
447,1852650
20385,7636230
19361,5582790
13696,12318570
17729,5899500
4032,5088060
5931,7894980
8467,2167290
7297,2722050
3386,7017300
12105,314640
17699,5473080
5117,2432250
10905,3239550
16248,2080350
10214,2889720
15540,5466870
12034,4318020
1281,4705110
5840,4572630
13486,12165390
14723,8002620
15066,5160510
3458,8592570
5749,10424520
15432,3521070
7453,4121370
11028,4173120
8125,1962360
746,5032170
14808,3802590
7911,6456330
5480,3980610
20630,20772450
14642,2510910
2668,2119680
16533,8319330
15418,11931480
9952,10074690
10551,12016350
16564,4893480
6368,3612150
9993,2070000
17575,4324230
9402,3986820
9573,1457280
13235,3502440
3362,7062840
1383,9639990
12466,5057010
9557,9764190
14777,4404960
19374,8720910
12781,1881630
13984,7464420
16792,3444480
19135,3403080
11504,12914730
2619,3438270
19691,4121370
18305,5986440
20391,11683080
6311,11674800
2292,7091820
6808,4868640
2578,4175190
697,1544220
15259,7071120
18139,6922080
1829,3922650
2898,898380
1502,4357350
1264,7013160
13169,7661070
2994,5839470
10356,2726190
6307,6773040
13930,5129460
5698,3448620
20369,6665400
15542,2136240
11001,5988510
15526,9422640
518,3334770
15689,7216020
2648,1126080
3353,1413810
15308,2018250
3400,7638300
5104,3815010
10193,2096910
17187,3723930
13787,7191180
20002,2103120
6828,6566040
9705,6570180
454,2378430
7607,3160890
10476,4048920
1828,2587500
1002,3492090
18692,8751960
16639,7015230
12716,5334390
4088,8033670
18588,4920390
10378,9964980
19264,1463490
3150,17423190
1459,5617980
32,4456710
16023,4970070
6754,3897810
16967,8137170
10934,2740680
14308,1035000
996,24984900
20620,3914370
12848,3831570
5091,2210760
8404,4688550
1024,4266270
20299,13382550
4804,4895550
107,4193820
17449,5052870
13186,2260440
4400,3599730
6651,2328750
7483,2374290
11942,5009400
11254,333270
17614,4638870
2541,2616480
3901,3225060
19822,832140
19690,2964240
12392,5123250
20344,7184970
12634,9582030
11246,3790170
1923,2976660
8334,2653740
5291,2786220
8905,6021630
602,7042140
2374,4905900
3475,7261560
9291,3094650
12221,1999620
7253,3529350
17271,1802970
3414,13606110
5520,5589000
4111,4067550
15934,2924910
6259,3053250
6682,1386900
12225,2448810
7679,4104810
16210,49680
10109,6472890
11184,2827620
16153,5290920
8466,8149590
13882,11681010
11082,4148280
19956,1550430
4066,13053420
17807,6779250
40,5034240
98,693450
18018,2914560
8673,2728260
11236,2386710
14299,2659950
19535,3647340
2694,2351520
3948,2190060
18279,3268530
10118,5032170
13868,14465160
1880,2604060
10071,3179520
14499,3467250
3675,3705300
2356,2608200
16693,7100100
10572,21062250
8160,2096910
16657,3444480
14722,7988130
4887,3032550
3349,1608390
13126,5704920
3470,5164650
7954,4912110
15244,5212260
13779,8097840
14176,4438080
4482,4191750
279,1974780
4532,3109140
4531,4850010
1171,3860550
7415,3483810
19490,3618360
9107,513360
16229,3574890
17053,7259490
16128,4932810
20573,6301080
18329,7950870
13243,4703040
10730,6648840
18348,9207360
6145,6361110
15353,7209810
5615,3581100
6002,6404580
11505,2063790
3000,22401540
15956,3432060
18249,2419830
5771,3007710
13047,815580
12388,12813300
17698,2308050
10753,2693070
13248,7462350
9266,9925650
14376,5448240
18187,5520690
15117,3908160
4309,4038570
4994,3525210
16348,3446550
3463,11958390
5965,38187360
20566,2815200
3326,2728260
14158,8095770
10100,5450310
11776,41842980
12452,3107070
17540,4179330
1709,4496040
3621,4436010
12212,3280950
11251,3167100
13067,9760050
15864,8828550
18344,5382000
4498,2943540
19434,4055130
19408,3498300
7017,3473460
8617,4941090
2883,2877300
4525,3810870
11449,7029720
17417,2686860
4612,3216780
9832,8244810
13408,6561900
7157,1339290
17826,13974570
16665,2583360
12097,1709820
6261,2161080
20425,34577280
7837,4249710
8135,3090510
7999,4096530
18304,8242740
16077,4483620
12286,14283000
663,8536680
15679,4090320
16809,1436580
3284,3891600
17903,3719790
11247,6214140
5900,4438080
8433,411930
15774,5212260
14166,2339100
9388,11277360
19197,1827810
9028,33099300
3277,1633230
6658,1152990
10449,5646960
1814,6116850
11587,5092200
15080,3256110
10945,2573010
12279,161460
10710,4034430
10304,17723340
16661,7253280
10204,2328750
11002,6116850
2312,28570140
16524,6756480
11535,2061720
2120,12838140
17393,4390470
14634,4303530
8591,1709820
8336,3968190
16580,1778130
2634,3301650
3985,4965930
17344,2024460
10413,9399870
8904,5255730
8261,2332890
19482,5713200
10595,3171240
3974,6336270
11317,2680650
10266,3204360
9246,4200030
9850,1295820
4113,3508650
2346,3154680
6990,4918320
17071,10832310
11194,2724120
13091,2465370
5746,6042330
11503,8308980
4758,4854150
20441,33579540
18333,8764380
11707,6166530
5503,17230680
15422,3047040
4561,3165030
15713,3572820
812,3187800
16944,1863000
5305,5005260
2739,2452950
16881,9308790
8047,3173310
15391,4291110
14094,4529160
11509,3328560
5536,3850200
9382,9254970
8618,6837210
12229,4721670
869,16791840
9962,4239360
1653,6708870
6691,2653740
10473,4487760
15481,4638870
6767,9666900
12132,10565280
8812,9286020
10534,5025960
660,2065860
15530,17334180
17299,7083540
6387,4754790
9712,5168790
14469,7559640
153,4208310
18613,11672730
12664,21136770
13076,5092200
15910,3465180
10559,2546100
17642,5617980
19936,4955580
10995,1749150
4370,2392920
17038,5396490
8110,7238790
9753,12196440
8159,3721860
9567,3564540
20067,4506390
4338,3133980
6008,3183660
7115,4489830
1097,4558140
15769,5251590
10623,14707350
3041,2593710
20376,7834950
3261,184230
7030,3429990
14172,4876920
15356,16986420
10223,3274740
9738,3328560
3820,7930170
20596,6932430
9021,2366010
4546,4616100
20312,972900
309,4361490
5304,5197770
16195,2802780
4644,5199840
6009,2394990
3230,3131910
7187,1260630
1817,5185350
4468,3589380
14389,1521450
4058,9149400
855,1734660
9462,2941470
15945,7093890
9967,5261940
16779,8439390
13682,10424520
1867,3003570
906,7418880
16503,1401390
9025,6216210
3912,5276430
6297,12364110
8349,2386710
1116,3111210
654,2941470
1478,13341150
10466,7932240
12048,5909850
8908,6804090
12773,4589190
13560,2175570
14611,7909470
9224,2879370
10977,9039690
14434,2904210
2892,5423400
12028,3363750
8994,5673870
4283,3425850
2216,4959720
9676,8143380
16492,5121180
12170,10200960
7707,3593520
15791,298080
4923,3659760
783,1784340
13283,5090130
593,13951800
18872,9041760
11704,4146210
564,1844370
16189,2301840
649,2347380
3759,6104430
7307,3328560
5241,2200410
3525,4088250
4628,10478340
2252,4661640
6082,4570560
19523,1001880
6163,4077900
6987,4131720
12115,27313650
19556,7565850
6559,10174050
14411,5336460
18282,5375790
20152,6609510
1782,1877490
1609,15473250
10984,6023700
13922,6547410
11417,10612890
1446,5876730
17529,3094650
13065,1432440
8350,7776990
16811,7112520
14910,7493400
2895,1900260
10208,2628900
879,2742750
7373,5688360
9898,2993220
2782,2997360
14800,2248020
4095,4955580
10297,8360730
6608,7155990
10357,6549480
19679,4216590
19340,8251020
13938,7632090
1874,3073950
11914,7756290
218,3194010
15190,180090
10403,11070360
15283,3719790
14429,4516740
3166,5760810
18070,7959150
14573,4212450
20520,10325160
1519,8015040
17195,5684220
2582,2664090
1183,5185350
8650,4887270
3550,2848320
1005,13032720
1797,4144140
8341,5671800
10988,7240860
8015,3964050
17774,3156750
11887,1898190
4412,215280
6040,2121750
13392,4970070
12988,7756290
14615,2626830
12199,3419640
19560,2974590
20145,1966500
14298,3225060
9914,7638300
9974,3603870
2239,4738230
1437,4142070
11615,9153540
336,1043280
17385,3901950
17806,2173500
6350,1778130
3732,3808800
6454,8054370
13344,4885200
15758,3643200
13414,3796380
1126,1879560
3544,16862220
2913,9329490
11362,11014470
18540,2130030
3508,2811060
10807,11335320
14258,4197960
20428,32234040
18350,8122680
20318,4634730
18169,7042140
15479,9832500
3013,6785460
18955,2583360
6697,6346620
16697,4638870
8337,2738610
2809,2254230
4668,2281140
12267,5628330
3928,4011660
5127,3009780
15639,7447860
3876,4564350
19026,6731640
20173,1513170
17743,4084110
10083,3875040
10376,7410600
16799,2995290
4718,8168220
19355,5911920
480,6224490
777,3692880
18154,4968000
8550,1701540
14053,7292610
9353,7158060
6158,2227320
12687,2043090
13526,8640180
19529,4883130
19461,6574320
17233,2601990
16793,5667660
4862,1066050
3987,7882560
1743,4535370
14655,5526900
17618,9016920
8136,3351330
2176,3125700
13733,4034430
7525,2993220
11402,9234270
566,5477220
15730,1827810
4935,4344930
1819,6325920
4799,4229010
12856,2802780
2672,935640
17576,2349450
19174,5636610
8568,9528210
13581,5017680
18004,6079590
6050,4585050
14851,5709060
3068,3349260
5998,2794500
10587,2881440
18556,4516740
6982,13537800
6444,5522760
621,3516930
3027,10453500
13416,5241240
18315,6648840
13904,10318950
11895,8197200
4810,3988890
16990,4384260
16700,6042330
86,1600110
5685,5882940
4322,2076210
15516,5102550
1188,2773800
15447,3247830
14508,6445980
2382,6936570
7983,4423590
4705,5237100
7995,2970450
5802,10095390
13070,3181590
17923,2181780
13276,9933930
219,4893480
9233,7785270
5788,10043640
15092,3864690
12430,1916820
15849,13022370
10002,3752910
9254,2409480
15116,5365440
15386,6046470
15071,2597850
7412,3475530
20114,716220
11027,9755910
16246,6777180
16160,4243500
14312,3409290
6602,3148470
5663,5386140
6272,5402700
624,3100860
12169,4086180
8081,1805040
13608,16425450
3204,6586740
14542,4897620
10364,8828550
5004,3425850
11953,2837970
7759,1896120
4597,3701160
9953,7232580
8627,4084110
1546,1720170
14442,4972140
18947,3247830
694,3496230
10907,2583360
5885,3554190
16674,7066980
14691,4477410
509,15224850
8531,3202290
2295,22484340
213,1577340
7830,3291300
19515,4825170
19005,10612890
13427,399510
3199,7710750
5831,3502440
5862,4392540
13349,6611580
17261,3332700
3723,6940710
18845,5740110
5850,7868070
6457,2918700
4772,3806730
10776,4229010
14327,1749150
10021,2082420
2154,6135480
1948,5572440
4040,4363560
4990,3210570
3618,5036310
3127,4140
4364,2554380
11083,3481740
5101,3372030
6607,4560210
7723,4574700
272,2448810
2712,720360
19368,1769850
12756,4916250
18679,10186470
13971,11167650
3988,6777180
2463,3723930
5057,10801260
13912,2432250
15779,3175380
18993,5874660
15712,4311810
11510,4386330
14186,4504320
14414,4496040
4135,1637370
14940,4320090
20141,956340
5952,4055130
10839,12883680
3559,10552860
18562,4113090
5887,5599350
18946,10585980
3212,2769660
17897,7187040
17910,1583550
10175,3692880
6728,6017490
19029,8271720
18969,4630590
204,2041020
9706,7752150
6353,7988130
17441,6688170
12018,5235030
14278,2440530
2543,3222990
10037,422280
4771,1790550
4798,883890
5785,7683840
6743,9242550
5473,2090700
19014,985320
19292,2413620
1661,2688930
5925,34691130
1228,2970450
9710,1889910
4428,1488330
7670,3376170
18134,11186280
4574,2931120
3814,4195890
3123,3959910
13623,5994720
4074,7547220
1757,2361870
5090,2405340
19252,13428090
8664,6354900
11849,4046850
933,8712630
16844,10583910
1528,8555310
20227,7586550
20460,5947110
19281,7460280
15192,1898190
17175,1964430
6320,4104810
9554,6534990
9117,5410980
7616,5377860
14795,2815200
17884,4458780
10438,2080350
8311,9385380
3250,689310
4950,2374290
19154,5680080
7783,5926410
1360,7627950
9507,11120040
16998,4429800
15502,7721100
14539,5626260
10425,7346430
13446,7172550
5141,3765330
4703,7133220
11357,3423780
19146,2585430
19548,4245570
17902,2059650
7790,2355660
6702,7079400
13504,3802590
10504,5371650
5778,3674250
15100,5421330
16890,9615150
1030,3237480
66,2090700
19306,2355660
16320,9257040
19652,10279620
1660,3332700
4013,7122870
19781,1691190
20195,5373720
17896,6698520
12641,3918510
5551,4957650
1994,1598040
10579,7830810
20394,4850010
13343,9149400
13514,3525210
2440,5882940
6201,3541770
11256,7302960
2594,2301840
9584,4007520
3336,2436390
16116,3450690
2460,3603870
18177,4630590
5893,7137360
8796,4431870
19502,1836090
7367,4326300
6178,4812750
15580,18721080
1913,3028410
7048,4044780
195,1867140
10732,5172930
9862,2916630
3181,2664090
3930,3841920
17843,5326110
2230,3982680
18973,4268340
2986,2318400
12658,2647530
2847,7344360
10928,3641130
12424,407790
1098,7781130
4442,2664090
15701,3761190
8304,6354900
20366,4968000
18071,6491520
2105,3763260
15983,6087870
2042,5044590
8535,2804850
3802,4647150
2732,3461040
18423,3955770
13714,8004690
8490,3107070
8853,4994910
15501,4963860
13993,4874850
10111,4785840
16519,621000
14529,6352830
875,10310670
7564,4814820
5605,4622310
18652,7586550
4134,3280950
453,5421330
16029,4212450
18579,4022010
3194,2452950
6144,11718270
13808,2481930
12241,6766830
2406,2214900
19778,5305410
2676,2361870
16115,5779440
20182,107640
11147,4742370
13334,7569990
2048,3545910
14011,2678580
742,7098030
20632,5495850
13490,3941280
20499,3473460
1745,2744820
14579,5738040
17479,2198340
2945,7203600
484,3661830
5896,3866760
5230,1647720
10497,4048920
17544,3527280
6613,4878990
11018,4249710
4277,825930
643,3566610
15505,14920560
616,4678200
8247,2053440
17426,4436010
18456,4636800
5568,5709060
7998,5522760
19303,2974590
5499,2705490
1217,2076210
18049,5986440
10236,1542150
19116,4069620
14217,7066980
653,3338910
13075,8669160
18109,7888770
8680,3841920
2492,2436390
5666,6543270
2646,5928480
2040,4850010
16913,7373340
14625,2895930
13565,3748770
16619,5769090
16473,4260060
343,2049300
5424,9054180
12124,697590
15586,2053440
14608,3634920
12204,5317830
12394,8062650
7712,4019940
18637,12221280
18089,4498110
18149,4127580
18024,6015420
20058,3839850
1827,2098980
4026,13310100
18211,37260
2388,1786410
7715,5696640
10335,11211120
20378,4137930
16400,3044970
16514,5959530
13365,2871090
12605,1124010
6366,10360350
15743,2595780
2269,4789980
16247,5398560
11371,4071690
13246,6222420
2547,2837970
6044,5075640
3924,2560590
18851,2883510
16976,2796570
6632,2657880
5416,5017680
4456,2746890
16045,1995480
5943,4777560
8952,440910
15093,5065290
9977,2144520
4019,2697210
17548,1794690
19653,8843040
1925,3885390
12353,14104980
11783,1136430
20177,6688170
17114,5895360
2005,358110
10360,6243120
14351,6261750
7362,14272650
13920,8006760
18044,4854150
17994,14545890
20271,794880
18027,4618170
20554,7853580
3385,5261940
4563,674820
20202,4980420
8093,3477600
16080,2455020
16447,8658810
14778,3326490
4003,13686840
12938,6561900
6325,17385930
16938,4841730
8120,4814820
16530,5187420
15261,4636800
6629,5406840
1672,5661450
8722,3436200
186,12343410
12310,2103120
8262,12244050
8116,9474390
4479,4450500
10589,1035000
19790,291870
13407,9751770
8548,3276810
4071,19292400
9901,8010900
658,6305220
8240,3794310
10779,3382380
12469,4789980
9742,12244050
5174,1935450
8555,165600
13795,2730330
8209,4493970
15913,3442410
610,6315570
6825,5990580
12686,314640
12314,1012230
13542,3078090
2323,5644890
7893,5042520
2202,5168790
12845,2248020
3858,4512600
19118,4462920
10293,4688550
5297,8093700
11487,5798070
2929,1699470
18246,2308050
17819,6205860
15115,23896080
11767,9960840
16159,5036310
12303,5491710
18958,411930
11515,2440530
13279,2512980
14083,3071880
3576,3044970
5320,3893670
2581,5357160
14752,4661640
10513,4433940
2778,1550430
6410,4657500
5134,2680650
11492,8306910
3588,4539510
10417,9683460
10227,3972330
18808,4630590
5883,3556260
10778,1831950
17453,4941090
508,6433560
2077,1370340
11385,3699090
7007,6839280
15317,3986820
8542,4984560
10285,5063220
13531,5228820
3968,3641130
1225,8507700
19145,3906090
16708,1960290
10963,3752910
9983,3608010
15657,7472700
10612,3380310
14588,4357350
17244,3005640
9848,5392350
11413,8836830
2206,3833640
20059,2883510
1110,7750080
9739,3831570
20303,11960460
15155,12707730
15267,3806730
7823,4249710
14378,4603680
8002,3901950
1003,4881060
13953,2150730
9790,2231460
8819,1297890
8926,5901570
16874,5700780
8071,5301270
2426,6218280
8569,3993030
10409,4140000
12377,39551490
10859,395370
17072,3047040
18792,2446740
1074,5280570
19632,494730
14297,3955770
10670,6553620
4949,4939020
11883,5924340
2127,10581840
2635,4411170
20446,13825530
19276,10281690
18855,5671800
19382,1285470
17138,5512410
3827,5649030
230,2003760
9371,871470
4924,3943350
19882,4257990
10436,8387640
170,3697020
16745,4645080
1509,26315910
19591,1695330
19180,1010160
774,3632850
11257,7764570
12770,2250090
2142,2337030
979,11424330
1223,5557950
9860,2161080
1159,3738420
14418,4419450
1675,3487950
7785,4611960
17501,7474770
15409,6673680
768,5444100
13604,4700970
5073,3802590
13718,5106690
4027,2235600
7595,2707560
41,3446550
17604,4193820
235,6508080
19854,2308050
367,1589760
18000,5023890
4713,5816700
17318,6123060
19442,6686100
3268,5139810
5482,3786030
11368,7402320
155,6058890
5637,1769850
6905,2337030
10986,5630400
8962,1227510
2002,4375980
9661,4396680
13960,13204530
11639,10950300
1154,11486430
18205,5017680
11978,3993030
9847,4210380
7141,3703230
8445,3868830
12855,138690
2285,12662190
4988,3374100
20209,15624360
9297,14850180
3825,8029530
16515,5398560
7427,3982680
11241,3568680
7047,4090320
12491,2815200
18656,5822910
20611,4409100
3534,10267200
2657,2960100
17282,2823480
15228,12061890
14314,755550
15528,17524620
4664,917010
18685,5379930
20548,5297130
10055,7700400
11912,4794120
878,4280760
14116,3496230
11009,20269440
14505,7269840
3471,7592760
6571,5723550
14490,3645270
9998,5727690
13437,7197390
5013,3647340
18306,7418880
1914,6141690
3656,2840040
506,4270410
19917,7990200
1682,4469130
17822,12453120
921,8716770
3557,4061340
18155,5425470
16603,6301080
20135,5410980
1213,2481930
4827,5046660
12655,3057390
2879,2452950
5390,12734640
13428,13156920
7359,6029910
3248,387090
18566,5481360
6882,2181780
8504,2893860
2528,6758550
992,3697020
3189,2082420
5427,6555690
7756,1283400
1941,4841730
13375,1486260
11005,4895550
9056,7596900
6281,2775870
5849,6441840
6025,7946730
4960,4632660
19398,1848510
3376,4233150
5648,3111210
3105,7578270
18913,14111190
5430,6814440
19394,2318400
16900,2887650
19906,5963670
9947,3866760
18231,1548360
15560,11519550
8099,3076020
9858,6272100
1581,6325920
2916,2541960
14264,2626830
6160,5860170
3232,5533110
8129,11308410
8924,1347570
18708,8062650
4553,240120
8865,3889530
2084,3701160
15003,5957460
15893,3140190
7143,2573010
13928,3098790
8996,4150350
16192,3454830
9223,2125890
10130,6077520
5353,2686860
16285,3086370
15533,11480220
14282,3512790
10228,3247830
17457,4251780
20506,6760620
841,3572820
3106,8971380
6051,7499610
14780,13036860
8450,4034430
19793,1587690
1129,5032170
9290,19650510
17737,5444100
15442,6218280
8976,4140000
7161,1763640
2695,2250090
8189,6079590
18976,4307670
15461,5299200
4121,4941090
3330,9346050
15369,3976470
18443,6922080
13472,11765880
533,2914560
13732,3767400
7507,1535940
3373,6576390
14686,4564350
18789,5659380
12746,9445410
7219,4556070
6396,5510340
8629,2997360
8351,3007710
119,5206050
18970,8070930
9814,7731450
15867,2953890
9405,9070740
19242,13908330
11374,3564540
4173,2175570
18057,7398180
11356,2496420
11360,3392730
6271,3090510
11003,6330060
14563,5295060
479,4137930
12246,7605180
3785,5400630
19986,3802590
15076,4233150
13420,8193060
5446,12051540
10552,7812180
18799,5632470
11808,8412480
7869,4852080
19443,186300
17425,2175570
17763,3825360
5556,852840
1198,1680840
18163,6826860
17307,4038570
6027,5183280
19802,755550
10310,78529590
5483,1831950
8970,2535750
17077,1324800
18699,3742560
10649,2941470
12552,4587120
8844,8925840
15548,7849440
11761,8008830
10838,8658810
3511,4589190
6554,4999050
1572,8108190
20553,7971570
11332,10904760
9199,6775110
7355,3044970
14107,3846060
4658,2875230
12786,3463110
5213,1095030
5215,3028410
17023,4818960
16956,3794310
12079,1424160
15552,3545910
18157,5574510
19100,3007710
6155,4585050
10961,5497920
8105,6226560
17063,3177450
19972,4082040
2796,5305410
2857,8277930
9579,4469130
10238,5038380
10042,3005640
4385,7547220
27,2339100
9351,11211120
7358,6824790
161,1838160
9162,8623620
19149,6398370
19540,3519000
19020,6640560
5897,2813130
14361,5425470
885,4034430
6267,2962170
907,6305220
6255,3359610
5224,912870
13879,24446700
13466,3918510
17022,4754790
4961,3608010
4367,6518430
17653,3469320
419,2328750
890,22122090
13264,4079970
8239,3405150
19848,3121560
8590,3831570
7981,4674060
12914,1858860
20283,9354330
11204,2113470
13092,4715460
481,4582980
2403,3978540
12376,36388530
93,198720
3389,19166130
1100,3032550
14865,4336650
8758,4204170
5661,4191750
19131,6626070
3241,2622690
19761,3471390
19130,5473080
10018,8681580
15572,4320090
6177,3701160
4200,165600
9331,207000
10028,2459160
9505,3210570
1889,2914560
10104,4175190
9562,3322350
10806,2459160
4340,991530
14106,5013540
4576,2219040
20052,6025770
14080,3579030
19046,13105170
18865,6247260
16679,5547600
18399,8263440
17705,3113280
8184,8714700
9262,4407030
18694,1177830
3224,2742750
10245,3005640
12642,3554190
12049,13982850
10770,7441650
6582,3057390
17130,3817080
15627,2666160
17068,666540
1147,1308240
6004,12273030
905,4827240
5329,7805970
1726,445050
19938,3999240
9930,3326490
17238,11403630
13234,7509960
20007,4700970
11696,7040070
2129,4959720
12754,1956150
20327,6423210
8004,3525210
10006,4137930
19076,5595210
14882,2744820
15297,11819700
2231,4260060
14013,11240100
4406,225630
18655,10157490
9859,3345120
4637,8060580
20475,3657690
9855,1622880
14558,12939570
9148,13614390
8895,7971570
9120,13343220
6512,4777560
2474,2432250
13099,43432740
9702,5146020
19255,8948610
5992,5458590
10442,6555690
2740,4154490
1825,3158820
15438,3593520
14005,13539870
380,2854530
3736,3376170
15741,4216590
3205,3485880
3310,1368270
5420,4496040
7150,3247830
6784,3639060
7947,4355280
3090,6139620
20518,9621360
2093,4284900
6731,5675940
9933,3521070
4653,6704730
17366,4069620
18480,6766830
3436,3701160
12979,10552860
6815,8849250
7269,2266650
13464,5549670
12425,2635110
2985,2014110
9384,14492070
12039,7226370
524,2386710
4198,2651670
11923,6526710
17716,5756670
10348,3999240
10419,5497920
7295,1794690
12611,5827050
20310,3336840
5385,1066050
7365,1707750
11013,6118920
12901,4030290
14345,113850
15981,2219040
4371,4214520
16371,5522760
3730,2096910
19104,13471560
9533,2127960
7505,3763260
4053,2676510
7460,1550430
626,1842300
14169,5764950
803,3038760
4441,7601040
8128,7377480
16702,6810300
13988,6735780
6796,8255160
16016,5533110
16637,8122680
1669,13053420
13030,3630780
17689,6079590
1157,3216780
6108,2662020
15148,5845680
1598,4910040
897,4585050
14670,5758740
13485,6603300
2971,1846440
16174,8733330
12570,6874470
8152,2299770
11486,3699090
7808,7035930
16282,5808420
6438,3990960
7016,1707750
7399,2769660
20571,3073950
1958,6452190
6323,6920010
384,1705680
13260,15301440
17864,3485880
15473,4191750
8143,2585430
3692,3229200
14025,4887270
1538,11316690
13230,7100100
11237,2931120
5956,1304100
10860,7031790
16483,4042710
5089,1827810
12166,5822910
2839,2842110
2364,6675750
10480,6744060
2069,1084680
19060,3076020
5331,8484930
828,2510910
5109,4384260
6388,7420950
11238,4131720
3573,10964790
12931,7127010
15582,2539890
4463,2310120
11364,8793360
16341,4001310
3841,4299390
12038,6147900
20602,914940
15623,5419260
17916,4804470
7919,7240860
3236,4171050
18574,2641320
18103,3547980
16774,5508270
1761,3883320
3410,3895740
8897,9780750
18265,1718100
4094,111780
10956,3659760
13609,10687410
6356,4127580
2768,4026150
8463,2533680
1551,6884820
1922,2649600
12015,699660
10434,2682720
17514,4158630
339,4353210
2423,2637180
17327,4916250
12643,3007710
638,4585050
18886,8576010
617,2885580
15968,4032360
2633,1970640
5909,3527280
14736,3653550
16367,5272290
7107,6143760
2111,4825170
13396,12415860
18576,5620050
6298,29100060
269,5158440
16523,3897810
3308,3111210
5974,8818200
13060,2322540
6345,2879370
909,8555310
13451,3189870
5533,3026340
10408,6841350
3435,2995290
16864,1790550
15962,2918700
15922,2970450
18209,718290
16545,5073570
15733,5686290
15368,13161060
14127,3769470
9454,2970450
11622,9368820
14514,4862430
18120,10623240
19277,4243500
12435,3436200
7308,3051180
12828,5303340
11517,9466110
6321,10937880
17659,9548910
6417,14187780
7124,4808610
12715,4179330
10181,4082040
16013,4253850
19863,6178950
10819,3289230
16032,2910420
8806,11563020
2954,2564730
5145,3113280
15671,2082420
19904,4361490
7592,2233530
18166,6158250
1856,6216210
16071,4845870
192,3365820
13271,2951820
3172,3850200
17103,5353020
18617,9691740
14769,4850010
5081,4160700
13223,7176690
3086,6837210
1991,1914750
7706,3105000
9172,4876920
8390,2657880
7096,7675560
13646,985320
2851,4237290
17341,7069050
6367,2111400
15795,4522950
5078,4680270
17644,9393660
16074,4607820
1607,6100290
5507,983250
18140,6375600
12567,7081470
5347,5640750
14710,5152230
19919,6257610
11268,6178950
17824,4247640
19599,7029720
1789,763830
494,3452760
6093,3618360
7001,2960100
18919,3908160
8329,5591070
12187,5363370
1455,3804660
7978,5096340
8885,3541770
17732,3870900
313,4214520
20020,6824790
7724,4566420
14457,4899690
7782,10101600
7235,2864880
15365,10958580
7067,3618360
12556,4315950
14333,2550240
5454,803160
16713,5632470
18059,6913800
11015,6686100
9683,3823290
3599,4990770
6361,3303720
19506,4142070
3485,11345670
16650,6826860
4824,3744630
584,5125320
10539,7158060
12035,3241620
10895,2958030
18987,16504110
3768,6048540
1152,3587310
19834,2651670
2000,3839850
11339,3237480
12866,4073760
4297,1635300
13125,3216780
13119,4251780
9631,3622500
10598,3726000
15716,4158630
16251,2117610
9641,3715650
1363,4845870
12669,10203030
8909,5468940
5484,3783960
18774,5916060
12602,3527280
403,3415500
15621,1533870
14451,5009400
12751,4868640
9650,7733520
5751,4827240
19759,2900070
11649,3715650
14828,2550240
14350,3552120
18194,6789600
14678,9538560
9765,4450500
19080,6847560
4188,3723930
19190,7805970
7859,5934690
16204,3655620
6304,16717320
13353,8159940
7,5247450
14847,3073950
5841,2763450
4692,5214330
10309,7783200
13946,19497330
12986,6034050
15327,7601040
11546,7776990
19472,2527470
6274,2846250
12144,8689860
8667,12846420
20262,8360730
2575,4433940
3156,2421900
17070,9165960
20055,4003380
1795,318780
15920,6686100
19143,5249520
9490,503010
14320,1142640
14071,4835520
9273,3289230
15597,8455950
18041,5756670
6541,3351330
14890,2394990
1390,11138670
9816,6301080
13182,27510300
5465,3935070
13064,7468560
9609,10198890
11947,2635110
6260,2709630
273,2214900
12972,8089560
19034,19640160
10147,4514670
15659,5665590
8469,22213170
12671,7437510
18741,892170
14566,4208310
1559,23465520
17275,4318020
11563,6259680
16582,4398750
8770,9085230
11871,10672920
4092,3852270
19926,4794120
606,12241980
19688,4874850
16513,4394610
13713,6344550
8986,37533240
7037,4355280
8688,4926600
9264,3162960
2352,3210570
4829,2643390
5759,5514480
14223,6959340
19628,6013350
17185,2502630
14661,3618360
2608,3131910
3639,3287160
5108,4355280
20550,7336080
1191,7574130
6562,2999430
9449,4137930
14961,3848130
1522,3583170
16376,7420950
1186,5439960
10253,4843800
7093,3059460
12346,6864120
1491,4046850
13227,15164820
8303,5241240
13180,20000340
436,937710
306,4177260
4410,3616290
16342,1302030
596,7692120
6231,3976470
15906,1720170
16338,4485690
2372,2473650
5248,6477030
16705,14051160
1599,8290350
12160,3961980
104,4460850
9673,3376170
18782,3481740
18989,376740
640,2463300
2289,6741990
14757,2612340
13121,2368080
6529,2115540
19453,27562050
6221,6601230
3478,12720150
16983,2854530
37,3721860
16670,244260
9791,1983060
17746,7298820
17310,1287540
19455,10269270
9926,14030460
18800,2448810
3342,2057580
1102,8271720
10257,5406840
2314,2999430
12607,4893480
6439,935640
8958,2279070
17665,3065670
16106,3765330
15150,6396300
10329,7791480
13188,4096530
7551,3564540
6973,4086180
7879,6630210
17871,5777370
16640,4015800
14374,7905330
13266,3024270
10430,4500180
19287,2796570
12177,8638110
13393,4454640
15808,4367700
1022,30431070
3502,3860550
1317,5667660
10070,4115160
18936,5123250
18478,12432420
14260,4098600
4501,1966500
19058,1233720
17196,7406460
10840,4229010
19707,4390470
5168,2254230
139,2544030
3642,4671990
16959,2401200
20511,4640940
10692,2819340
9340,765900
814,2916630
1421,5061150
2687,3276810
20368,2421900
6288,24817230
17532,2477790
18620,2080350
10542,13587480
5074,3326490
19545,5417190
15309,1782270
15607,8518050
17591,6317640
7591,4253850
15463,3078090
9819,2072070
7571,2595780
4006,9033480
12970,6493590
11822,8774730
14289,8230320
7944,2732400
5451,12684960
8761,8267580
17345,6566040
11351,1622880
137,3707370
6324,4709250
19824,6265890
9931,7329870
17361,4547790
3913,12134340
13838,7808040
8760,4088250
7708,3537630
18448,4862430
537,8580150
15709,6251400
12963,4773420
832,3380310
5150,2330820
1876,5057010
16238,5177070
1484,7271910
11809,5295060
17478,2568870
2909,3349260
14639,3133980
16429,4241430
9821,2962170
7185,1430370
5121,4371840
17143,4266270
9920,1761570
3093,4653360
17731,8596710
11770,4663710
13538,3326490
5198,3651480
10668,4715460
475,4204170
16250,1997550
19016,11753460
9657,4891410
6906,3090510
17870,2508840
10973,3018060
4260,6609510
4973,6903450
1921,4512600
1451,5669730
5064,2026530
18932,1393110
9411,457470
7288,4079970
6996,2442600
9720,4951440
1200,3833640
7758,1161270
11431,8101980
20158,4150350
8065,3670110
12725,4943160
4419,6503940
7043,4090320
5394,3744630
15765,5001120
19732,1310310
19567,7238790
2106,4622310
14421,3945420
13333,7023510
5185,2719980
12182,5953320
12294,8104050
16684,6044400
19933,6303150
9503,4659570
18663,13156920
3305,5189490
18408,6715080
5502,4643010
9735,3765330
1738,10662570
16704,4893480
17219,2022390
5853,4129650
6413,3680460
16049,3794310
9907,9540630
4629,6437700
5490,3972330
17987,8751960
15656,2972520
12444,3531420
4222,4019940
17761,6472890
12922,2378430
14042,3210570
1704,7091820
2306,6700590
16119,4150350
9089,4878990
2540,5001120
1055,12440700
3254,2411550
963,7516170
12030,8511840
6877,2566800
17673,745200
1933,13086540
4672,1401390
2481,2767590
6038,1030860
6484,5673870
3776,1194390
12080,4961790
20484,4614030
10017,4371840
19995,2703420
15513,6528780
12128,20310840
19489,3556260
11996,7416810
13902,14340960
7775,2827620
9496,4100670
20477,7176690
4167,4222800
11135,1217160
3676,3868830
11196,3231270
3703,4622310
8765,2655810
15883,8507700
7866,5518620
9892,2893860
11811,10973070
1872,4512600
4735,4249710
8162,3167100
13918,623070
12058,7423020
985,3247830
17943,6503940
10966,4847940
7813,2057580
5051,2585430
9422,2448810
20360,4910040
17395,2541960
6641,3984750
12758,2537820
5763,2612340
1975,5620050
2780,91080
11824,3997170
2401,5822910
14845,3040830
10834,5386140
11664,3978540
10720,5092200
6538,5110830
4052,12978900
19965,5475150
9174,4034430
15661,1680840
9532,5597280
4452,3059460
11679,3438270
17375,3723930
9103,7211880
6241,2800710
3409,2989080
17921,6725430
17321,4421520
11690,3496230
11877,2869020
7277,4585050
5672,5611770
2891,1256490
20503,250470
13224,17721270
8571,5535180
7774,3210570
2213,5249520
17193,11699640
12306,22076550
5376,209070
9489,2250090
5730,9364680
8440,1076400
1230,3028410
10169,4469130
14177,3639060
18066,3148470
4321,3726000
1710,2949750
17364,2879370
15636,3769470
342,2053440
4741,7280190
8698,6102360
19023,4825170
2349,5332320
18549,4396680
10448,6671610
988,262890
18418,5028030
16453,2237670
17592,7507890
17865,9851130
19590,3160890
15044,8677440
2757,7516170
150,5632470
17816,5166720
6913,10087110
18465,2670300
8522,4957650
991,8880300
15797,7425090
15744,2711700
5271,18785250
8551,3243690
4351,11422260
13836,9265320
571,38572380
9457,3142260
1744,3930930
7737,3711510
2092,2432250
18642,3295440
4808,2426040
17747,3728070
464,2794500
14286,2775870
12098,14452740
11703,7868070
5567,5181210
13071,5011470
17832,3711510
18370,3165030
3637,2647530
4543,1206810
769,2339100
5014,4516740
9834,2227320
8741,3670110
15863,14175360
6624,3519000
20295,4518810
17645,9205290
19474,8687790
10844,14614200
13474,103500
15916,7091820
19671,13117590
12119,10087110
6627,3090510
19909,7406460
10298,6814440
4336,5177070
14033,6518430
18130,5764950
9811,10165770
9843,5094270
10340,2496420
8344,1436580
2338,4440150
13517,4355280
9854,5589000
16715,3521070
10697,4380120
2220,6234840
9,5288850
14571,4676130
2400,4247640
15909,3966120
16597,3299580
9182,14510700
9079,2854530
1082,1039140
14230,7170480
13691,3974400
14920,2127960
4756,5268150
5742,3171240
3804,5934690
16565,3196080
10231,3367890
10320,21701880
10014,1678770
13487,8114400
4151,3291300
17505,3452760
1125,3469320
2527,5545530
7668,3059460
12120,37996920
8098,3759120
12631,7464420
18925,7276050
13360,11625120
7010,3906090
15819,3092580
13533,6031980
8274,6371460
13400,23985090
5286,8439390
14901,3490020
5219,2469510
9941,14624550
5412,2914560
12073,16841520
8896,6530850
14550,3293370
6566,7441650
2136,4404960
15617,2719980
5340,1504890
8658,7313310
3339,7532730
9323,8679510
16303,7377480
17339,3173310
2328,3411360
1619,8379360
20510,10668780
16810,892170
12104,2933190
10172,2711700
19709,4686480
4396,5102550
10887,6443910
9667,18727290
5959,6454260
1776,3334770
4054,6003000
6592,4266270
10369,6568110
14362,12422070
6974,5063220
12953,6406650
6856,7979850
6827,5841540
9105,5827050
913,3953700
751,8035740
68,2125890
14553,7216020
2790,4721670
16167,5477220
10970,10232010
14760,5802210
12055,3632850
14619,4957650
18590,5009400
429,5164650
1717,10070550
17391,4914180
13798,1562850
3286,3314070
263,3864690
7611,2378430
10941,3773610
8228,5510340
19910,4264200
13175,817650
12067,1852650
14425,3525210
2508,3682530
15918,4313880
20252,9540630
20260,2241810
14331,931500
9777,3500370
10863,7551360
4765,3657690
2448,3564540
18064,5301270
12646,4506390
19415,4669920
17795,6029910
12911,14496210
4298,3276810
14965,7934310
17880,10600470
6572,3837780
5442,3721860
4366,2711700
11310,4421520
15094,10987560
19183,7445790
2484,2496420
4392,2463300
16022,3800520
4050,20929770
13203,4402890
8374,5617980
6147,4111020
16952,7367130
1415,2771730
8915,2575080
3522,6307290
13652,15365610
6850,2771730
5378,2546100
519,7586550
6293,11300130
2365,2657880
5426,4643010
16546,8037810
10078,4111020
14443,4721670
2626,1333080
2630,11786580
7900,5901570
19093,3492090
16150,6506010
20068,4160700
8534,3601800
19639,2856600
2304,5802210
3708,4164840
5837,5920200
9674,4551930
16141,4245570
11597,5878800
5844,1219230
10315,5388210
13616,7288470
8198,5187420
8408,3162960
6097,2078280
3741,6924150
11720,4647150
1289,5564160
20148,6344550
10583,2200410
16109,4781700
4208,2929050
4982,2939400
2984,4597470
19977,917010
12211,2076210
19999,844560
10944,2318400
15726,3198150
10764,9286020
9935,3618360
11592,7356780
417,4094460
15274,8636040
5322,3504510
10528,10157490
13885,9370890
15022,15218640
6363,2995290
18346,4264200
15752,3564540
16744,2982870
7363,6025770
7768,1045350
7103,2204550
6782,11830050
6357,1877490
16208,776250
4929,927360
9695,5363370
6788,4005450
15185,6555690
778,3719790
20474,3993030
7271,2041020
14885,4910040
8583,5936760
8434,1941660
8703,4427730
9136,35891730
18995,6232770
12381,8901000
2184,3612150
12784,3473460
12136,17185140
3476,2119680
10199,4464990
2631,2521260
7698,5926410
11975,3347190
17423,4823100
7212,1825740
4812,2949750
18945,6839280
5657,3570750
7022,2808990
16378,1709820
1004,5905710
11501,3800520
5591,7387830
19872,2980800
11583,6168600
19547,445050
9272,4676130
17388,3529350
6643,4934880
17827,9890460
10783,3419640
7500,3595590
17137,405720
18820,3707370
20239,834210
850,3574890
3601,6379740
6518,1152990
5468,3152610
12005,1434510
12358,9956700
9309,3639060
16424,3850200
11572,4289040
14822,422280
17354,4096530
2643,3837780
17702,4315950
17212,3401010
19268,4734090
1356,4504320
20467,6708870
16735,7441650
17908,5342670
7174,2672370
9421,1724310
8959,5218470
18467,6555690
13363,130410
6078,10720530
15940,5773230
5138,3200220
7459,4212450
16870,3316140
18877,1724310
7311,2635110
10731,3307860
1513,11256660
6510,2504700
3907,5630400
13934,9542700
16125,5454450
20619,2757240
3895,5984370
17882,3191940
12928,6607440
11598,4442220
16557,227700
5264,4108950
3605,4063410
15475,10016730
11411,5744250
19558,9132840
5018,1707750
14605,4709250
7777,2301840
7806,2380500
19503,7234650
8709,2585430
7734,4274550
6823,2076210
7163,796950
10646,4278690
17083,3988890
13537,11896290
9066,2601990
476,6069240
15224,5783580
10101,4168980
3348,2020320
18928,19803690
1112,5531040
6852,3365820
13354,4222800
2910,9341910
20489,12730500
18770,2457090
10343,6578460
10561,6288660
3509,2885580
7328,7013160
12729,2639250
19585,602370
946,13148640
2613,3461040
8492,5417190
11071,5858100
6884,6686100
20238,3264390
10690,2368080
4273,3343050
8956,3264390
15462,20695860
604,4769280
3800,3632850
19954,3591450
4150,3949560
15997,2498490
1428,6681960
2550,4729950
7263,345690
18695,2647530
3333,604440
15649,6835140
7407,4620240
14793,5636610
287,4108950
18725,13212810
713,1020510
3560,6704730
19895,2804850
16512,5030100
696,5574510
14473,3409290
3894,17236890
3881,4959720
7780,4941090
13238,6034050
4220,3326490
12699,4738230
9450,5680080
19291,5704920
16875,8137170
2326,4438080
15787,2908350
13336,4750650
7722,4342860
12441,184230
7456,2831760
19191,5787720
6315,5471010
17789,8147520
18519,1649790
15059,7803900
17371,5640750
3480,2664090
8314,9035550
7403,1459350
13819,6263820
7583,3061530
99,7621740
5432,3576960
18450,5454450
318,5547600
8324,3672180
17727,3786030
8528,4951440
13055,4804470
4596,3156750
11185,6063030
14541,4082040
4001,10871640
9478,5754600
1358,6139620
9517,12670470
2333,4295250
9687,8683650
18930,7853580
15216,32089140
2874,3028410
825,3351330
4726,4856220
19607,1268910
9748,13989060
18905,9155610
18686,3939210
16862,136620
8221,250470
20261,2268720
11249,4433940
19582,6818580
9276,7288470
15313,3885390
6758,5820840
2113,1887840
14492,7201530
5266,14030460
11560,6655050
12238,6005070
4473,2728260
698,5059080
3753,3287160
15907,3812940
4122,3779820
9784,7737660
19517,416070
9713,19397970
17491,1647720
2076,2455020
19389,4185540
639,3345120
13829,5069430
9629,1252350
10729,11360160
15169,1718100
17434,2028600
18150,2411550
4916,3868830
6861,6804090
4971,1645650
9524,2366010
19477,2984940
5287,7532730
7069,3529350
6673,4036500
1272,4253850
11190,4885200
13596,3003570
16902,5762880
2027,3612150
3465,5017680
12569,4881060
19877,3386520
18217,3032550
9097,3848130
9997,10016730
363,1643580
8814,4839660
14515,3479670
11571,3665970
1659,5259870
15336,2579220
9989,7768710
17561,2755170
3062,8151660
1297,4825170
4583,4396680
19504,2974590
17159,1167480
19850,4297320
17118,4632660
19855,4746510
16083,3305790
8557,5853960
1493,7278120
5154,3131910
7148,4146210
16532,817650
14072,2527470
11580,1213020
12941,5721480
11359,9563400
59,2871090
20226,6474960
7198,4378050
5201,2858670
7417,2308050
12327,8116470
408,6305220
16047,3398940
10396,5015610
12504,2287350
16949,6911730
11748,5692500
5773,6247260
940,4794120
19484,6234840
6498,4972140
446,3786030
8644,3138120
11115,3686670
8449,6011280
14337,1295820
8544,5889150
17490,4123440
15063,8114400
8573,4783770
20597,4208310
12558,2864880
17234,5798070
11957,5282640
13090,5396490
20036,5071500
12227,821790
4946,8729190
8593,2819340
2123,16764930
17959,3947490
8663,4698900
9121,3082230
14284,871470
6347,782460
16520,765900
20206,4889340
19992,3690810
9196,4949370
18289,7447860
16860,202860
16365,1879560
9923,5139810
2871,3461040
2897,879750
1698,12968550
19973,2138310
4939,4173120
16470,2937330
16903,5164650
18715,16454430
14543,6145830
12832,5125320
12925,5711130
12580,6390090
8860,4491900
6017,2185920
17228,2589570
6992,4522950
8734,1440720
9346,5920200
12599,3937140
10003,4914180
12273,8749890
19996,1983060
15241,5199840
9265,2657880
5099,3301650
17267,3531420
1185,2519190
15768,5557950
6187,6224490
8750,5783580
3443,3875040
20454,5678010
17586,12492450
248,1022580
14202,6597090
20051,3022200
16331,3034620
13058,3754980
20181,6702660
20170,11573370
17615,2608200
16130,4017870
16706,2726190
11288,3423780
7400,1331010
8636,2194200
5687,4920390
12834,3314070
7064,3516930
20097,2512980
12478,4452570
9766,2763450
19444,10617030
2980,10896480
2235,5373720
2708,1119870
1471,6176880
1578,12834000
18938,8472510
12210,4082040
6876,2628900
14363,8209620
20423,3111210
1089,10455570
2429,2535750
9515,3169170
9497,3419640
19039,5661450
7848,3425850
14922,3937140
17753,9437130
4164,3390660
19267,389160
20060,2012040
3020,1842300
18999,6282450
9992,2297700
3365,74520
11089,3293370
11275,15315930
14475,8754030
11722,3614220
13020,12962340
3405,5785650
5065,3274740
12730,4874850
9038,7267770
12032,1475910
14036,12575250
7797,2084490
6089,5247450
2244,4823100
16497,8342100
9564,7151850
9646,8644320
19414,2842110
5044,6441840
1973,6222420
4813,4024080
1322,500940
8422,6532920
15342,10008450
17416,1163340
14280,2055510
1425,2502630
8981,217350
4529,1651860
3580,7083540
16291,931500
4011,13405320
3110,3473460
10734,3914370
1287,6247260
4347,8077140
1629,9209430
8368,3899880
12155,7574130
18817,3686670
1477,6029910
17474,9778680
12093,9873900
3459,6586740
18575,2831760
12324,538200
11200,5090130
7665,1641510
16509,3835710
7609,1074330
8660,12674610
558,6232770
15111,9755910
2882,2726190
1195,5379930
4292,4727880
19305,4678200
2766,856980
11142,3620430
12915,8077140
16970,2399130
14935,2299770
1851,5669730
19626,3986820
6136,3479670
5920,2392920
10754,4400820
17945,3862620
2862,6657120
11381,3585240
1105,3160890
8586,4402890
15306,8495280
8277,8435250
3202,3568680
4258,11337390
13587,5083920
222,4177260
12665,7396110
6431,1800900
12838,1958220
6096,1887840
5743,10621170
15419,4160700
20466,1999620
13970,14465160
3384,1446930
11110,3322350
13802,14597640
4721,5085990
2555,2227320
1800,1467630
19994,4046850
5242,13345290
14394,3841920
11141,2852460
8307,4289040
8028,3543840
15085,7081470
19427,7195320
8859,13672350
10774,6851700
2831,18089730
3214,3868830
20404,7563780
10799,3912300
11470,14525190
9212,3510720
2174,4620240
20463,5767020
6704,11312550
459,2492280
3332,2918700
692,5549670
18460,6833070
2727,1556640
19035,6265890
12776,3266460
18186,5899500
14536,3051180
7730,4222800
3247,3204360
5335,4433940
6202,4378050
10044,2734470
8147,3995100
3752,4104810
20365,5651100
19723,1117800
11029,5657310
8753,2241810
15789,11211120
2818,4597470
20617,3746700
12351,10416240
13220,1463490
8158,5309550
11803,1351710
5033,8050230
10318,3701160
18771,5373720
11471,10848870
18428,4827240
8621,6466680
8276,9931860
16608,11968740
19409,1738800
15034,7499610
15415,4725810
8562,5203980
8989,7663140
5111,3490020
1382,7087680
3211,3142260
2803,3369960
17906,3891600
7123,8362800
8690,4593330
6162,5597280
16747,2127960
7802,6884820
14577,2850390
19206,1999620
935,9228060
13774,4740300
11132,4448430
13462,4611960
13459,6580530
8696,4601610
7217,716220
18806,4990770
18827,4968000
4938,3860550
12014,5423400
9995,6340410
15525,28594980
10752,3705300
7250,4794120
20115,5185350
7335,3514860
1448,836280
8278,6723360
6672,2800710
17918,5268150
3393,6744060
3466,6044400
12619,12612510
14552,4711320
13254,6603300
14731,9312930
12926,7915680
11443,5849820
1532,4752720
356,3781890
19985,865260
8406,3363750
8456,3436200
726,4053060
16555,2140380
16887,4272480
17280,4133790
9864,1844370
9255,2003760
9746,1326870
2097,3262320
13660,3432060
8214,2597850
2297,6847560
134,10484550
14281,2370150
8733,3076020
6416,7089750
11372,3943350
5030,2686860
9550,5986440
15588,5220540
18449,3465180
8118,2088630
2652,2475720
12083,7816320
10810,3864690
11450,8646390
16143,6609510
14115,2330820
20430,6561900
15002,6833070
7313,2258370
9535,4146210
12529,3148470
14050,4719600
16318,4357350
17249,681030
15372,6911730
928,11130390
3382,4512600
20164,834210
5302,6969690
16350,4876920
11675,2355660
5024,4158630
7627,5355090
2332,1958220
18892,6224490
19918,2599920
19022,7485120
20132,5593140
11757,3278880
1439,5156370
17765,4949370
12488,1173690
6811,5336460
971,4210380
19399,4048920
4677,4276620
3712,10058130
20603,4713390
1083,1773990
127,6075450
18954,3233340
15514,11159370
6109,5297130
1001,7106310
4448,3663900
16643,3187800
19807,929430
1815,5276430
849,3918510
20361,7754220
18417,9219780
16961,3618360
5816,12378600
15823,1658070
2529,2624760
7468,4841730
3518,2984940
11407,12540060
12334,6735780
657,8083350
18819,1428300
16009,7659000
2309,5781510
12912,6445980
394,2583360
8389,13811040
2271,3957840
14759,4496040
2522,527850
16315,3939210
18372,9149400
9932,3703230
4228,3541770
20497,7319520
430,2469510
14173,3372030
11665,4802400
6954,3566610
18840,4554000
8972,2953890
11202,790740
4893,995670
16581,3957840
19465,5781510
4313,1353780
16931,1032930
14813,5800140
11094,6998670
938,3864690
20558,7795620
7646,3893670
11258,1856790
6462,6684030
18028,3218850
2905,1302030
18848,4647150
20453,7613460
16528,7590690
17539,2452950
5050,3918510
1301,5638680
1419,5723550
15242,5626260
17403,6218280
7710,2924910
15383,5980230
16484,5363370
17451,3866760
8103,2659950
19162,15566400
18097,5568300
9194,8377290
12907,12008070
12718,2316330
14857,10629450
10209,3831570
20128,2748960
14895,8952750
3532,4779630
8202,4349070
16312,8025390
11040,6568110
20601,3378240
19754,7046280
14754,2515050
1955,4676130
13048,14672160
9630,3980610
14699,4179330
14932,34051500
8468,20648250
19204,2192130
19962,6582600
12609,4241430
13886,2734470
1897,2471580
4169,5711130
3610,1906470
11104,2332890
11392,5824980
87,1821600
3781,13308030
14906,2252160
18535,4475340
2205,2871090
5153,2871090
15282,4404960
3536,10182330
16202,1059840
10380,14162940
24,3494160
17484,7435440
14148,2968380
19318,8232390
18763,5735970
16859,8735400
5682,5814630
6980,3939210
19064,3061530
9751,3947490
2797,4326300
16812,6733710
18888,4243500
9009,1792620
9688,2767590
9768,5671800
10675,6406650
7882,7791480
16198,4860360
17470,3653550
2612,2633040
16392,4961790
19260,6342480
17522,4398750
16662,2802780
1173,4357350
6967,3044970
1212,5682150
13941,19219950
8655,4630590
9883,14307840
12546,8474580
6103,1668420
7436,2972520
2789,6835140
12741,10176120
13700,7311240
15289,4951440
3671,3401010
13750,7596900
17150,2359800
15705,6663330
16435,1310310
16883,6317640
9469,4189680
3014,5831190
16480,9130770
12689,6183090
18144,7110450
9372,3603870
17684,12751200
15229,21515580
12117,19000530
11568,5553810
4567,1923030
12495,6692310
9090,5437890
7222,2183850
14436,7106310
4683,5955390
831,7588620
14721,4903830
6319,4152420
3979,3463110
12585,4305600
14687,4624380
15557,9476460
6514,2107260
1019,4477410
19934,5928480
8423,5684220
16024,5195700
9078,2978730
20255,9553050
19313,3175380
8701,4800330
15994,5810490
2282,3154680
5277,5388210
5667,5110830
13394,7127010
19236,6715080
17178,3237480
373,3705300
2112,4332510
14943,6419070
12350,6218280
11792,6454260
2595,4320090
5381,2279070
8471,1989270
4269,4736160
6826,9335700
11610,6441840
12099,13324590
9969,1920960
1166,2173500
7726,2494350
4926,1786410
2030,2595780
12305,670680
2473,5048730
3497,2548170
7658,8511840
151,4189680
3450,5499990
15810,7805970
13961,6247260
5718,4278690
13082,13057560
11182,5011470
11879,3719790
12590,4156560
18397,9755910
16311,3336840
2442,3980610
2472,4649220
4944,2272860
9844,4655430
13323,2423970
1692,4313880
943,3614220
15270,5526900
15138,10770210
12304,10923390
19736,9967050
20184,854910
5922,36670050
12668,9526140
1376,3597660
2291,7164270
12156,3868830
10861,2250090
2275,3885390
13345,2337030
17058,8540820
7312,2455020
7424,3490020
19381,902520
427,3504510
7894,7048350
18121,7141500
12455,9913230
11054,6597090
8003,3672180
7270,2092770
397,6563970
16831,3065670
7321,2045160
14880,4767210
15665,3568680
12809,4547790
5714,5195700
8991,14707350
5917,22770
9610,3254040
11507,2529540
1265,6373530
6070,7352640
19569,3090510
12496,5177070
20418,2744820
1763,3661830
16784,7027650
11644,8244810
12411,10838520
15033,5009400
2316,3469320
20439,4111020
13932,8079210
13129,2904210
14253,4632660
9360,9207360
6783,2258370
3276,6481170
18688,1952010
19905,5820840
10786,5131530
16780,7257420
13301,3746700
15223,20408130
11278,4106880
16506,4918320
8192,3044970
1411,2608200
10258,3312000
733,3469320
7041,5717340
14537,4992840
8821,4117230
1811,8046090
7713,5005260
7485,1281330
5987,1173690
18709,4289040
18532,2179710
15704,7290540
3892,3309930
13403,1477980
5124,4150350
20416,7139430
1052,2601990
18554,1113660
6338,2606130
16347,5603490
16096,2914560
14632,5166720
9129,21246480
14789,3870900
6466,4796190
779,848700
11656,7741800
7214,1399320
17330,6092010
12830,1997550
6763,7994340
8580,8623620
16391,6375600
10927,3233340
6505,1610460
18290,7530660
20349,296010
10985,1848510
17081,2691000
8890,13175550
12245,10250640
590,6448050
20336,20737260
14556,4692690
282,4796190
13855,9488880
13118,5495850
18644,11618910
17328,7199460
9341,10078830
17863,6110640
19728,4407030
6971,10987560
5179,2235600
2618,4951440
8217,6431490
14953,3384450
15318,4407030
9823,2918700
9289,9389520
2558,3676320
18454,4402890
4496,2241810
6467,5375790
13233,9917370
16910,3672180
8505,2527470
5861,4075830
3015,18077310
7431,4407030
9999,5940900
17100,9700020
20221,4634730
3583,11904570
12419,6445980
11328,3786030
2907,3508650
19631,5856030
10390,8665020
3425,1395180
3318,84870
16840,26707140
6437,3564540
1373,2784150
8345,2510910
14211,3053250
19842,2150730
2889,2976660
15023,3730140
14433,5028030
1617,10871640
10592,5175000
15814,9122490
18691,3270600
10485,5976090
20419,3997170
3195,2438460
7864,7199460
7699,4357350
17742,4059270
9480,2734470
457,1417950
10398,6808230
11826,7044210
3807,4825170
8429,7648650
1964,4460850
17291,6303150
12560,2645460
20399,3674250
15856,2130030
16370,5330250
16821,16773210
18377,11666520
17115,5342670
3132,1910610
19011,2243880
16333,8720910
9897,2005830
984,7522380
3762,4013730
3565,4980420
14663,5653170
6948,2937330
7915,3935070
9239,5201910
6740,5460660
9958,4189680
132,3347190
14162,3775680
10234,2887650
28,3928860
368,9108000
8121,3251970
15488,3539700
14261,1695330
13622,6023700
13332,5473080
10808,4415310
2867,7429230
15613,8455950
4537,1028790
7482,1128150
7558,5578650
4226,5549670
4425,84870
16885,12473820
17639,11695500
14232,6390090
15257,6435630
4096,5206050
7162,2098980
10950,1442790
3584,9126630
4196,2113470
74,24840
16752,3723930
18618,10302390
19062,4028220
9788,3966120
19463,4088250
9324,1165410
1934,11888010
11681,3206430
20485,6315570
18829,3864690
5226,2018250
8495,5011470
2488,3144330
2342,5359230
11782,3831570
2188,6586740
15407,6000930
18415,7501680
4160,5224680
1768,3701160
12807,4094460
17695,5947110
16836,132480
18137,8909280
15433,4887270
11330,2982870
8321,3697020
3322,2862810
18045,5284710
3582,5462730
2159,3620430
3213,3581100
14868,4137930
4623,6168600
11199,2392920
14718,5224680
109,7205670
19766,1896120
2773,666540
1233,8901000
13767,93150
7761,4162770
19809,5686290
1214,1523520
7793,2142450
3267,3287160
14001,10405890
6142,2976660
5595,2672370
9010,660330
16928,3668040
14060,8573940
11626,5458590
5315,6071310
2156,4609890
16467,3210570
5326,5019750
9639,2310120
5630,7909470
568,5313690
8719,7580340
6214,2088630
4199,6011280
15188,3808800
20140,5017680
16148,6253470
9627,3427920
341,1947870
10468,13223160
11682,5466870
17881,8950680
16395,5102550
17812,2761380
4558,6427350
11952,3754980
3607,6942780
10767,3378240
6801,10080900
13046,22813470
33,3978540
7656,3398940
5485,4943160
9280,17888940
7018,1937520
214,4897620
1194,5206050
7967,2345310
7314,312570
17133,11550600
19543,93150
10593,7038000
20513,900450
20435,4978350
6620,3030480
19438,6779250
17733,3713580
10533,7603110
10652,7431300
17002,16549650
18834,4160700
372,1771920
5330,14287140
8473,1945800
6586,6226560
2452,2107260
20042,4456710
17792,6183090
1331,11031030
6920,8441460
11544,9625500
17026,2175570
15195,6980040
1405,2519190
17887,2136240
20341,6797880
14524,6725430
5163,1492470
3743,1871280
11039,6149970
10229,2082420
17569,3022200
2967,8696070
13692,2490210
10713,16640730
13455,4001310
12726,8073000
14841,2448810
2564,3525210
11348,4144140
14268,4957650
12984,5495850
19764,4040640
15294,5473080
10661,5261940
15434,4243500
718,3796380
10020,3162960
9842,3372030
4874,581670
15324,12343410
10299,6895170
5422,4974210
17127,4651290
16067,5288850
4191,5940900
2408,3071880
1974,6054750
20174,8139240
18882,513360
3188,1949940
4215,2846250
1742,2529540
10538,15471180
16766,2782080
4174,5139810
5355,3581100
9835,2171430
1076,4628520
15091,2715840
10979,9132840
11697,10753650
17394,2688930
3999,3086370
19096,6071310
2445,1527660
20083,2651670
5669,5195700
5467,3245760
2495,1811250
17359,3516930
10261,8321400
13972,12018420
19090,6189300
15048,7089750
10250,3465180
10501,7242930
1890,16570350
18393,3581100
10061,6472890
20317,16522740
13346,2912490
12254,7659000
1616,7033860
8854,7373340
12125,3247830
830,4680270
9741,5439960
11954,12415860
20541,5775300
5649,2976660
10619,2786220
1898,2003760
462,5740110
16632,5007330
8207,7745940
7776,2515050
19284,7636230
12568,5226750
6389,2900070
12348,19627740
12771,2866950
8169,3904020
10683,4357350
19194,2999430
8980,3740490
16289,3220920
14227,3783960
14501,3525210
3493,4413240
6810,6396300
8451,5346810
12895,3301650
16271,747270
14334,2521260
3138,2450880
6374,5007330
10613,4359420
12598,3775680
11140,4038570
8828,14690790
12604,6655050
8541,5872590
16176,260820
18416,5785650
7132,5495850
6745,3216780
10220,1985130
20536,4758930
9375,1641510
3424,1939590
16517,4976280
17534,2945610
16769,5332320
15575,25833600
18101,5125320
2317,5495850
15273,4367700
10282,6373530
7669,2763450
14073,4202100
13411,7928100
19371,6671610
8402,2877300
1333,1492470
6716,6290730
6081,7054560
11391,3591450
5176,2610270
18813,5522760
7747,3612150
11427,4133790
13619,6907590
8640,1753290
11272,5578650
12967,6139620
18174,5787720
2109,3601800
9141,4520880
18533,1256490
2212,8646390
4451,1867140
15167,6290730
6795,3612150
9459,3806730
14002,2181780
11130,3908160
2178,2366010
17409,2800710
16789,6980040
2760,5945040
4870,4001310
4142,2709630
15563,10658430
8460,2185920
9680,7801830
9764,4084110
8289,6299010
2200,10004310
13252,5023890
9759,2163150
10621,5992650
3083,4061340
11105,2918700
10913,5487570
20064,2088630
5156,3363750
6960,6160320
4230,5899500
14591,7329870
10460,7491330
20185,11033100
10622,6677820
7742,5698710
13631,4692690
10031,3620430
18251,4574700
1073,6754410
18445,4088250
3067,3131910
8932,2630970
8552,3020130
16925,6675750
11692,4831380
15778,3990960
16233,6168600
16518,1446930
3630,5129460
12328,10169910
18160,5154300
5017,3458970
16852,2152800
5084,5864310
886,10192680
648,2146590
18077,7766640
16807,2225250
7662,2835900
9498,5700780
18439,7810110
13992,3678390
2010,5342670
12450,3086370
7060,3572820
11415,8190990
13185,2036880
8805,36413370
2859,6363180
529,3160890
14878,1283400
8965,1266840
8914,4067550
14693,5328180
15676,6566040
8641,13893840
15816,4322160
18639,14049090
18944,7992270
12734,6193440
16219,5160510
7076,6503940
14086,5394420
18580,2910420
1090,4640940
11705,1910610
1965,3438270
20251,1302030
9082,18787320
2121,3612150
9822,1794690
9364,6205860
4065,9501300
13359,8520120
9637,3189870
12366,20917350
13165,7801830
9622,2055510
8259,3676320
555,3825360
11378,7561710
6911,10232010
18115,4874850
6688,6624000
1752,4344930
20294,4249710
14867,3266460
16714,5709060
5072,1773990
3343,2949750
929,18975690
1787,2761380
2844,3858480
8053,5653170
13128,3535560
15931,4108950
16111,3047040
16476,6977970
6983,3736350
2357,4961790
5092,4175190
9366,8259300
3165,4522950
15028,1740870
7303,3202290
16326,3237480
3793,5394420
3223,5489640
13942,825930
19138,1538010
5188,1179900
16617,7230510
5423,1302030
20393,8780940
13680,8878230
6033,8487000
17892,306360
12486,3773610
10712,2734470
14049,3198150
498,8437320
10845,5189490
11484,4628520
19240,4361490
16642,4703040
9416,4502250
8700,5843610
20355,15189660
7099,12016350
14987,4266270
5259,6063030
8091,3757050
13964,9147330
10122,2334960
9588,2577150
7842,3537630
3269,705870
14225,8251020
16433,813510
6181,3850200
2814,3500370
3818,2295630
9429,2657880
217,3394800
20461,11409840
19563,8768520
16658,5628330
15268,5692500
14459,5837400
19901,3131910
16212,4011660
10904,3645270
4163,2397060
1671,3593520
6326,4918320
5448,3299580
6539,2190060
8114,3697020
12138,43594200
12360,5272290
3789,1242000
12274,9884250
2792,6820650
19308,6348690
12336,2028600
154,2966310
4235,4044780
11144,8313120
19606,1958220
2330,3516930
4540,2272860
10264,10511460
18512,3386520
1888,5551740
125,5406840
13440,6609510
2548,3800520
18038,10072620
8559,6888960
17770,6986250
19317,6003000
7118,4516740
11080,11538180
7732,7723170
14272,1693260
16936,13235580
10724,9205290
16945,2974590
10524,5090130
7826,1929240
17572,5611770
863,5957460
2976,24030630
10404,18369180
5396,1121940
5639,12620790
13214,8482860
14807,3185730
5719,7901190
17493,5282640
20130,6779250
17111,3678390
9704,639630
19993,4011660
19285,2875230
9396,9031410
13659,4079970
18603,1672560
18728,7435440
15207,5112900
13762,219420
4712,7350570
9259,2666160
10043,2616480
16884,4324230
8917,4821030
1892,2289420
15512,4460850
17914,2980800
3951,6412860
17563,2022390
8912,3280950
8226,3910230
4696,5595210
16837,7259490
7683,3051180
5125,3523140
18997,4255920
96,11031030
17125,2734470
11581,4140000
6709,1124010
14084,3117420
14530,6710940
14810,5835330
5705,2291490
3693,697590
3183,10316880
3765,6783390
17516,2999430
17972,2409480
12205,42209370
11051,4351140
3918,5419260
12280,4137930
6435,4094460
7471,1846440
8945,2401200
20321,7267770
9808,4556070
13213,4036500
14193,4537440
19244,10016730
17013,2370150
993,836280
16649,4895550
2302,10383120
13951,9880110
12542,3678390
9140,12032910
8366,3570750
8040,6183090
19777,3581100
6565,3355470
6718,5057010
16068,4293180
16757,8625690
5497,1415880
20480,6025770
12096,2399130
18317,4947300
19067,3647340
2500,4030290
20578,3026340
3782,3274740
14274,3040830
4906,2626830
19797,3003570
7762,1061910
11008,4678200
13865,12283380
19350,1891980
12374,11455380
11311,4752720
4614,4765140
11628,5611770
19111,2225250
12545,8859600
13140,81392400
16344,6009210
2476,2334960
7582,10356210
18802,1699470
6183,7646580
9654,662400
10267,8145450
13445,9445410
18746,28387980
20532,4065480
1594,11877660
11152,1641510
16033,3670110
18185,5706990
19300,3494160
20557,5951250
7027,6770970
11033,7901190
19362,6435630
6847,5400630
4248,4916250
12484,1542150
3980,7915680
7653,4454640
7189,1885770
18878,9101790
10677,4657500
5971,5471010
19752,3216780
5832,4367700
17226,4375980
1179,3181590
13037,2591640
2305,6652980
10906,1761570
6542,2790360
16888,1076400
11150,4688550
8044,5860170
6223,3115350
2053,4649220
14159,2527470
19165,3483810
5500,7805970
2759,3152610
4395,2063790
12409,1821600
13639,2707560
13543,4162770
9165,6671610
13274,3868830
12858,4504320
3923,1618740
1587,6642630
4544,1639440
6714,5659380
12289,7160130
3355,11060010
8346,3078090
12743,5065290
11175,4833450
17031,2047230
3140,3119490
7763,2235600
16500,4682340
12885,6528780
5653,5158440
17028,6292800
15957,3266460
16463,6547410
5491,5216400
16676,12016350
7527,3668040
530,1778130
12339,7551360
13640,2537820
14030,5833260
10492,6065100
10541,8060580
3530,7605180
18009,8478720
9867,5688360
20576,1190250
4073,5947110
13666,3382380
10628,8383500
15072,7774920
9441,4974210
5828,3109140
9599,4887270
17215,3802590
4864,2649600
2274,2767590
5052,2813130
19352,8383500
12918,11192490
868,17899290
2037,3986820
9556,3583170
6593,4504320
9642,3146400
3919,4775490
16982,3504510
130,4576770
9818,2016180
13707,6152040
2088,780390
20325,1525590
4547,74520
12162,3512790
13734,3494160
6154,5752530
15706,5197770
17106,5978160
7855,1945800
9198,2649600
238,3355470
14902,9043830
15587,4108950
18712,10443150
2397,3935070
939,6040260
461,2250090
5107,5154300
901,4713390
8161,2541960
14545,9880110
17898,3773610
5273,4485690
18744,5748390
95,3550050
3380,5152230
9800,11018610
16901,4889340
17593,1713960
1602,1540080
4086,1898190
11965,6383880
18048,3846060
10143,3173310
20572,9517860
12287,12420
8023,4436010
8155,4113090
16719,9153540
12301,6501870
15678,6197580
16560,19054350
13511,685170
1822,1206810
13536,1471770
8564,2972520
19233,4276620
10195,3461040
14654,5015610
17218,3076020
14622,7959150
5681,4001310
8067,2819340
13212,10973070
9250,6946920
299,3260250
7714,2179710
9345,11565090
2959,2982870
10656,2090700
8746,11573370
8234,2397060
15187,16386120
1505,11469870
959,3425850
13156,3338910
4376,1666350
35,5516550
17525,1362060
8740,8159940
785,3078090
19148,3208500
8085,1974780
5450,3995100
5845,14860530
8196,3144330
17097,5471010
6618,5872590
18678,7665210
20306,9871830
9900,1099170
3253,5243310
958,15311790
12025,5135670
12,7251210
12841,3754980
14026,5473080
19491,3622500
7488,6104430
10866,3597660
2723,2463300
16591,943920
2146,7874280
20587,3717720
6720,5849820
20073,5191560
13823,4398750
7305,2958030
14319,1362060
4179,3531420
6531,3680460
14019,1763640
17264,4280760
4636,2827620
17431,4688550
3124,3599730
15410,4061340
15570,7224300
181,5874660
17889,1583550
13390,13165200
13991,3268530
15007,3717720
14006,4187610
16305,5030100
20363,5444100
16076,4729950
3258,536130
8059,2415690
19825,7143570
16002,4767210
29,4309740
15930,3707370
8882,8406270
19083,4963860
377,2539890
12623,10143000
3831,3086370
16716,6973830
19829,3454830
16412,695520
6803,5303340
10946,4680270
2725,1378620
4210,258750
8577,2885580
6678,2024460
13426,3661830
948,9600660
4744,2840040
13617,4572630
7492,5584860
3523,4626450
5184,3125700
12701,6414930
811,1359990
20445,11573370
1942,7673490
18248,3508650
1790,2604060
18602,3316140
6197,2494350
1803,445050
1146,5853960
4863,817650
4233,10981350
13483,11674800
12278,3771540
18627,4941090
9734,8116470
13844,12221280
13355,3707370
7731,2036880
9672,3593520
10908,4783770
8484,2844180
1197,2519190
18118,8975520
7621,3583170
14980,4684410
229,4011660
4671,7420950
13326,2504700
12216,62930070
10847,1322730
10151,5992650
20275,12860910
18302,5007330
4331,4709250
17241,4059270
20443,3810870
20427,2436390
1452,3500370
5034,3692880
16930,7004880
15280,6514290
10674,10747440
11599,5119110
4109,8874090
2254,3456900
18347,24237630
11735,13457070
11993,728640
478,4247640
4616,3082230
7298,1631160
9213,3094650
7685,2926980
17429,5276430
11465,3502440
19787,2794500
11045,2277000
1218,6458400
19452,5951250
5823,6603300
11760,7462350
18094,9263250
14724,3730140
13139,9203220
18517,2386710
8083,6236910
13828,10345860
4328,3678390
19296,1645650
11562,5268150
5481,6468750
17937,4930740
735,6284520
10891,2308050
5270,7772850
3107,6522570
10769,12455190
6138,4195890
8606,2239740
8168,3123630
11634,5143950
14763,1941660
20304,952200
17754,4756860
16254,1206810
8754,10693620
413,4792050
1091,6164460
1953,4150350
2617,4657500
14580,7969500
6289,1302030
15869,7145640
18466,2198340
3037,15282810
19404,809370
20050,1146780
6343,2423970
8607,4375980
18907,7656930
13599,1173690
17829,4949370
10361,3340980
8931,2606130
267,4491900
15468,7793550
5910,2560590
1048,4438080
19129,2722050
1691,7764570
17953,1372410
20315,6632280
15392,12208860
20107,3020130
10317,8592570
1838,2281140
15874,5392350
8384,7334010
16078,5880870
17206,5156370
14095,1802970
4491,664470
8043,2790360
437,846630
7908,16808400
12151,11970810
10150,1716030
5461,5353020
17890,4479480
1560,8017110
2201,5305410
5526,13866930
18452,4800330
10443,4653360
2094,2780010
7889,14877090
13313,5589000
6447,2639250
17066,5319900
8894,5706990
8511,3084300
4858,4388400
61,2320470
5969,22823820
19697,4802400
13875,14802570
4138,4961790
19753,7698330
5942,9613080
17811,8369010
3207,3653550
6725,6075450
14786,4146210
678,3063600
5731,17781300
19033,2434320
18084,4026150
20250,31466070
12640,3614220
15511,3918510
14117,6058890
689,2409480
4193,3200220
8579,2471580
17309,5626260
18585,5783580
1291,6396300
1805,4814820
7218,1850580
7033,4166910
12013,8604990
10262,9838710
3803,8466300
13507,1931310
5404,3212640
16635,6417000
10465,10581840
2108,10128510
6059,19553220
3667,258750
6851,4104810
13159,5518620
14518,3001500
7814,5390280
14682,8565660
11919,3026340
6899,4011660
11228,6031980
11779,2479860
12404,3444480
9075,5580720
17564,4127580
1300,4284900
16278,3332700
18490,13738590
1064,3595590
910,5777370
16957,2036880
7906,16655220
15876,2187990
13945,6884820
6555,4433940
7605,2125890
14674,3699090
9229,3450690
19814,1159200
3170,5978160
4046,7325730
2598,4939020
20309,13225230
12461,4115160
15322,4268340
17632,6267960
12448,5814630
16911,9695880
15543,4972140
13957,5216400
17007,2051370
6402,25127730
7224,3051180
16598,10391400
20248,1900260
9413,3986820
9308,13568850
9407,5564160
9513,2835900
16748,4104810
7244,4048920
14129,2525400
16377,4183470
14255,1943730
221,4146210
2597,5220540
1028,2987010
18086,9524070
2943,2854530
3847,2285280
8927,5348880
17483,6566040
15474,9472320
6999,5634540
10914,3523140
160,4332510
19478,3411360
6880,7114590
15452,4862430
19782,4243500
10108,3438270
17913,2676510
11962,165600
323,1753290
10657,5452380
6965,3287160
4424,1581480
3293,1641510
10721,9267390
4587,4036500
17017,3158820
1679,16557930
11409,5756670
17107,3566610
3098,5338530
14899,298080
3369,4965930
13771,9139050
11521,5516550
12629,5545530
12952,12061890
14753,5961600
2148,7485120
5954,4932810
12805,3639060
18866,4013730
1070,7232580
2621,5168790
7486,3529350
6211,3407220
11595,7607250
15492,12885750
8561,4843800
18798,5591070
2389,8691930
7671,3229200
6727,6114780
90,515430
1772,3073950
17955,7745940
810,2136240
9592,2728260
11335,4104810
6054,4640940
17854,2711700
10324,4111020
3344,1099170
5139,4512600
5346,3121560
19541,7218090
10897,3102930
10671,6158250
18809,3272670
1103,1776060
1155,1755360
8863,2510910
10287,3595590
8382,3730140
18965,7410600
9476,8168220
3651,3446550
11161,9602730
1511,6868260
18530,5831190
17978,11954250
9682,4727880
11285,2753100
17751,3177450
15747,8164080
4998,5334390
7137,2115540
7245,4392540
17778,26868600
550,4462920
15740,5646960
2331,5437890
10873,5408910
7131,19787130
2901,1227510
11848,7789410
8096,11088990
7953,4512600
5918,1954080
15815,8282070
13943,10074690
8421,3390660
14431,3367890
13097,1701540
13372,4375980
19873,2556450
18739,8073000
17752,4003380
18459,5342670
1483,5355090
4168,7541010
2788,6489450
19273,5992650
6575,3746700
3819,3347190
18796,4448430
4941,1929240
731,5085990
